,,,,,,,,,,,,,,,,,,,,
Strength of ScheduleNCSOSRkTeamConfW-LAdjEMAdjOAdjDAdjTLuckAdjEMOppOOppDAdjEM1VirginiaACC29-3+35.65123.7288.0559.3353+.024119+10.5327108.54898.019-2.802482GonzagaWCC30-3+32.86125.3192.41669.869+.008160+3.4483106.475102.9102+2.061083DukeACC29-5+31.96120.2688.2672.318+.018137+13.226110.5597.311+5.38404Michigan St.B1027-6+31.11121.7490.6967.6164-.013225+13.107110.21097.16+3.16905MichiganB1028-5+29.67115.71886.0164.7318-.004192+11.0322109.03498.018-4.923056North CarolinaACC27-6+29.19120.0790.81074.45+.024117+13.712110.9297.28+5.83347TennesseeSEC29-4+28.33123.5395.23367.7157+.025115+10.1131108.83998.726+1.411248KentuckySEC27-6+27.48118.41390.91265.9264+.03787+11.0621110.21199.136+2.281029Texas TechB1226-6+26.77112.83686.1266.6226+.004175+8.3553108.05699.644-4.9830610PurdueB1023-9+26.04121.2595.23265.7276-.012220+13.059109.81996.82+4.355811Virginia TechACC24-8+24.47118.61194.12563.3337+.002181+8.6350108.35199.645-6.0332612WisconsinB1023-10+23.67110.95087.3363.7333-.026247+13.593110.5696.94+3.578213HoustonAmer31-2+23.42114.62291.21366.2245+.05849+2.7194104.7133102.076-3.7727414Florida St.ACC27-7+22.56113.13290.5868.3135+.04575+10.7225109.62298.931+1.1113315AuburnSEC25-9+22.11119.3897.25667.6170+.003179+10.4129109.32998.932+2.799616Iowa St.B1223-11+21.86119.1997.35967.7161-.051295+10.3930108.93698.622-1.4421017LouisvilleACC20-13+21.00113.52992.51767.2194-.054301+13.058110.7397.715+6.132718LSUSEC26-6+21.00118.61097.66269.966+.03592+9.5240108.84199.238+3.169119KansasB1225-9+20.75112.93392.11570.064+.08815+13.961111.5197.613+11.09320WoffordSC29-4+20.72118.51297.86365.7274+.06044+1.39112105.596104.1155+8.43721Mississippi St.SEC23-10+20.66117.51496.85067.5179-.027248+10.4228110.11399.746+2.439922BuffaloMAC31-3+20.33115.01994.72873.89+.04177+2.8193105.3112102.591+1.6111723Kansas St.B1225-8+20.23108.110487.8463.1342+.06143+10.0832109.23199.135-0.5118324MarylandB1022-10+19.98113.92794.02265.7275+.001182+11.1020109.62398.521-4.6130025NevadaMWC29-4+18.93114.12695.23469.388+.03985+1.40110105.3108103.9140+2.0211026VillanovaBE25-9+18.78117.11698.37363.7332+.017139+8.2454108.549100.357+3.687827MarquetteBE24-9+18.41114.32495.93568.7116+.007164+7.6658107.659100.052+0.8114528FloridaSEC19-15+18.32110.36192.01462.8346-.072326+11.6517110.5498.930+5.393929ClemsonACC19-13+17.94108.89090.91166.0258-.069321+9.9234108.74398.827+1.1713230TexasB1216-16+17.91114.22596.34064.3327-.117350+12.6014110.3897.714+5.533731Saint Mary'sWCC22-11+17.74114.82197.15562.7347-.033263+3.6777106.574102.895-0.3318032North Carolina St.ACC22-11+16.66112.83596.23870.841-.009204+7.1259107.06699.949-12.0635333Utah St.MWC28-6+16.66113.13196.54567.9151+.007162+0.05144104.4147104.4170+1.2013034SyracuseACC20-13+16.30110.36094.02466.1250+.005169+10.0833108.74498.623+0.5215335CincinnatiAmer27-6+16.15111.24895.03063.3338+.06142+3.6976106.278102.592-2.6424336IowaB1022-11+15.95117.315101.311569.484+.05751+10.5926108.54797.917-6.5833237VCUA1025-7+15.69104.417188.7768.2136+.004174+1.16117105.1115103.9144+3.518538OklahomaB1219-13+15.55109.57394.02368.7112+.031100+12.6612109.82097.17+7.861139NebraskaB1018-16+15.52112.73897.25766.3239-.055305+13.364110.01696.71+0.4315740Penn St.B1014-18+15.42109.67294.22667.6168-.102341+13.275110.3797.05+4.5154Strength of ScheduleNCSOSRkTeamConfW-LAdjEMAdjOAdjDAdjTLuckAdjEMOppOOppDAdjEM41BaylorB1219-13+15.30113.62898.37565.3291-.032261+9.2143108.05898.828-4.1928942IndianaB1017-15+15.28110.26294.92966.5232-.044285+12.6313110.11497.512-0.8118943OregonP1223-12+15.16107.810892.71864.1328-.039273+4.1273107.065102.9100+0.3116044Ohio St.B1019-14+15.03109.47594.32765.7272+.005168+11.6018110.2998.624-2.7224645MississippiSEC20-12+15.02112.93497.86568.4129-.018232+8.6448108.937100.358-0.8119046UCFAmer23-8+14.59110.55895.93664.8313+.029103+3.6378105.3110101.764-3.4126747MinnesotaB1021-13+14.47110.85396.34367.5177+.08224+12.1016109.91797.816-2.7724748TCUB1220-13+14.19110.55796.34168.8107+.014144+9.7836108.84099.034-0.8319249New Mexico St.WAC30-4+13.60112.73799.18365.7278+.06140-3.49239102.5235106.0220-2.9225450CreightonBE18-14+13.48113.43099.99668.4125-.045287+9.1444109.428100.256+5.673651WashingtonP1226-8+13.33107.111993.82065.9263+.07827+4.9467106.869101.972+3.099352Murray St.OVC27-4+13.29112.14198.88169.198+.03396-4.77273102.2254107.0269-1.0420053LipscombASun25-7+13.23110.16496.95172.914-.041279-2.57214102.4244105.0189+6.632454BelmontOVC26-5+13.07115.020101.912671.231+.04178-3.22230102.8227106.0221+3.458655Seton HallBE20-13+12.90109.47496.54769.0102+.022126+9.4341109.427100.053+4.455656FurmanSC25-7+12.63109.08796.34266.5229+.030102-0.73162105.4101106.2229-2.3323457ArkansasSEC17-15+12.34109.67197.36070.355-.041281+8.4452108.35299.847+0.5915158ToledoMAC25-7+11.99110.16598.16767.5175+.04770+0.63127104.6136104.0148-3.9128459DaytonA1021-11+11.44111.645100.210164.5321-.036267+1.11118104.2157103.1108+1.5411960AlabamaSEC18-15+11.43108.210196.84968.7115+.03984+10.9024110.11599.237+3.827461Arizona St.P1222-10+11.20109.96898.77970.646+.04673+4.8268106.771101.971+1.8211362MemphisAmer21-13+10.92109.18398.27174.16-.031258+3.5380105.3106101.866+0.1816563LibertyASun28-6+10.80110.75599.99561.8349+.006167-4.62268101.4284106.0223-2.8625164ColoradoP1221-12+10.41106.613196.23967.7160-.037271+2.0297105.787103.7131-4.6029965XavierBE18-15+10.36110.951100.610764.9311+.008159+8.1055108.938100.859+1.1913166San FranciscoWCC21-10+9.98111.943101.912866.5235-.022238-0.19151104.1160104.3166-6.4633067ProvidenceBE18-15+9.95105.115695.13167.7156-.014227+7.0460108.935101.974-2.4524068ButlerBE16-16+9.91111.049101.011166.0260-.032260+8.5151108.742100.255+3.887269East Tennessee St.SC24-9+9.83109.27999.48767.0204+.022124-0.43160105.790106.1227-1.9422870MissouriSEC15-17+9.75106.812297.15464.7317-.017230+9.8235109.72199.950+0.4515671Fresno St.MWC23-9+9.69108.39898.77867.8153-.011216-1.46183103.7180105.2195-4.7930472Miami FLACC14-18+9.68110.166100.410566.9208-.072325+8.9747108.45099.439-3.0725873South CarolinaSEC16-16+9.68108.010698.47670.160+.022125+10.9223109.52598.625+2.709774NorthwesternB1013-19+9.56103.019893.51965.9265-.111347+9.7337108.54698.829-5.6132175UC IrvineBW30-5+9.47106.712597.35865.2296+.09710-3.91250102.4245106.3234+1.8411276TempleAmer23-9+9.43109.08699.69168.8108+.06536+3.8474105.788101.970-0.6218477RutgersB1014-17+9.30105.614896.34467.6171-.020233+11.1319109.62498.420-4.4729478NortheasternCAA23-10+8.75111.646102.914666.1251+.023121-0.77163106.180106.9262+6.992079St. John'sBE21-12+8.74109.869101.011070.648+.07130+5.9262107.164101.261-6.0832780VermontAE27-6+8.72108.110299.48665.4285+.05655-5.99289100.2317106.2231+3.5484Strength of ScheduleNCSOSRkTeamConfW-LAdjEMAdjOAdjDAdjTLuckAdjEMOppOOppDAdjEM81UNC GreensboroSC28-6+8.60106.712998.16667.5180+.1751+0.19139105.789105.5204-2.9025382IllinoisB1012-21+8.50109.280100.710870.551-.052297+13.0310109.91896.93+4.016583DavidsonA1024-9+8.28107.610999.48564.6320+.06537+0.77125104.5142103.7132+2.3310184YaleIvy21-7+8.27110.656102.313470.842+.05654-1.52187102.4243103.9145-1.8822685San DiegoWCC21-14+7.91106.113998.26966.9210-.004191+3.0789105.984102.897+0.1316986Oregon St.P1218-13+7.88111.347103.415265.6281-.040277+3.2187105.3109102.181-3.0825987BYUWCC19-13+7.83111.844104.016370.843+.027108+3.3684106.279102.896+0.3315988USCP1216-17+7.64109.378101.712069.581-.096340+3.4582105.3111101.867-2.1423089Oklahoma St.B1212-20+7.64109.085101.411865.9262-.010210+12.9111110.21297.29+5.853190Notre DameACC14-19+7.58108.397100.810965.1298-.055304+8.6449108.15499.541-5.3131691GeorgetownBE19-13+7.51109.476101.812472.023+.05460+6.1061108.153102.077-4.5529792Texas A&MSEC14-18+7.49107.012099.58967.3188-.021236+9.6739109.13399.440-0.3117893HofstraCAA27-7+7.47116.417108.925967.3189+.029105-5.76285102.2251108.0321-6.1532994Wichita St.Amer19-14+7.44106.014398.67767.8152+.029104+4.5371106.083101.462+3.558395West VirginiaB1214-20+7.30109.281101.912770.256+.016141+12.2115109.52697.310+0.6015096Utah ValleyWAC24-9+7.19109.184101.912968.4127+.04081-1.45182104.1161105.6208+0.1616797PittsburghACC14-19+7.09105.215498.26866.9209-.094338+7.8456108.057100.154-8.7634198South Dakota St.Sum24-8+7.08112.240105.118970.936-.023241-6.32296102.1266108.4334-4.3529299ArizonaP1217-15+6.82105.115798.27066.6224-.013223+5.4166107.661102.284+3.4287100Northern KentuckyHorz26-8+6.52109.377102.814568.0144-.008203-4.30258103.1214107.4292-2.64242101Southern MissCUSA20-12+6.41106.6132100.210264.7316-.014226+0.33133103.5188103.2113+2.35100102Georgia SouthernSB21-12+6.41108.593102.113173.113-.009207+1.18116105.4102104.2161+4.8649103DePaulBE15-15+6.34110.852104.517169.482-.039274+5.5163106.967101.463-10.82350104Grand CanyonWAC20-13+6.23108.2100102.013067.6165-.033264-0.65161104.0169104.6177+0.25163105Saint LouisA1022-12+6.21102.820596.64866.3241+.03688+0.24136104.1162103.9136-1.01198106Bowling GreenMAC22-12+6.16108.399102.113270.453+.03593+1.53107105.3107103.8134-4.68302107AkronMAC17-16+6.0899.925793.82166.1252-.105342+1.66103105.597103.9137-5.25313108ConnecticutAmer16-17+6.04108.496102.413668.5119-.070323+3.3485105.2114101.969-5.28314109Georgia TechACC14-18+5.94101.922096.03766.7222-.023239+9.0445108.05599.033-4.64301110UCLAP1217-16+5.84108.592102.714172.417+.007161+5.4265107.660102.283+3.6977111Old DominionCUSA26-8+5.58102.121696.54664.4325+.05559-2.36209102.0270104.4169-5.69323112Jacksonville St.OVC24-9+5.45105.015899.59067.6169+.003178-4.29256102.1268106.4239+0.15168113UtahP1217-14+5.39114.323108.926166.3240+.03199+4.6570105.985101.260-0.38181114Georgia St.SB23-9+5.30108.1103102.814469.872+.1243+0.97121105.1117104.1152+4.0664115Boston CollegeACC14-17+5.30107.6110102.313567.2191+.019134+7.6757107.56299.848-6.52331116Western KentuckyCUSA20-14+5.27105.015999.79267.7162-.000184+1.62105104.1164102.489+4.9648117St. BonaventureA1018-15+5.23102.221397.05264.0329-.031257-0.04147103.5190103.5121-0.71185118SMUAmer15-17+5.15112.142106.922964.9308-.070322+2.9890104.8126101.968-5.47319119StanfordP1215-16+5.11103.419498.37269.968-.027249+4.3372106.672102.386+1.33127120South FloridaAmer19-13+5.08102.420797.46167.1197-.048291-0.15149104.1159104.3164-10.18347Strength of ScheduleNCSOSRkTeamConfW-LAdjEMAdjOAdjDAdjTLuckAdjEMOppOOppDAdjEM121CharlestonCAA24-9+5.06108.594103.415165.3289+.019132-3.41235105.0121108.4333+0.17166122San Diego St.MWC21-13+5.04103.918498.88066.6228+.05656+1.68101105.4104103.7129-0.88196123Central MichiganMAC23-11+4.88110.459105.519870.938+.024116-0.31155103.4191103.7130-9.86346124HarvardIvy18-10+4.81104.017999.28467.4184+.05848+1.48108104.4146102.9101+3.9370125RadfordBSth22-11+4.44108.889104.316764.4324-.007200-1.00172104.3153105.3198+7.5715126Texas St.SB24-9+4.36102.121497.86465.1302+.03494-2.47212103.6186106.0222-5.43318127DrakeMVC24-9+4.32107.1118102.814369.197+.09411-1.18176102.5237103.7128+0.85143128Wright St.Horz21-13+4.31106.0140101.712165.0304-.031256-2.14207104.8129106.9265+3.2888129PennIvy19-12+4.29104.3175100.09766.8217+.020131+0.42132103.4194103.0103+0.87141130ColgatePat24-10+4.29110.263105.920266.4236+.021129-4.19254101.9273106.1224+1.22129131TulsaAmer18-14+4.24104.8164100.510668.7113+.04079+3.0888105.694102.590-2.65245132Loyola ChicagoMVC20-13+4.15104.3174100.210062.4348-.010208-1.85197102.1267104.0146-1.40209133GeorgiaSEC11-21+4.13105.9146101.812368.3133-.077331+9.2442109.13299.951-1.60215134Ball St.MAC16-17+4.07102.420898.37470.258-.088335+2.1295105.1116103.0104-0.33179135Austin PeayOVC22-11+3.90110.754106.822668.9105-.009205-3.68247103.2207106.8257+1.33125136Northern IllinoisMAC17-17+3.86108.988105.118765.8267-.071324+1.8898104.7130102.898-2.23232137MontanaBSky26-8+3.54107.5115103.916166.6225+.05750-6.59299102.1265108.7342+4.4357138Loyola MarymountWCC20-11+3.43103.7187100.310462.8345+.06635+0.18141104.5140104.3168-5.06309139Boise St.MWC13-20+3.23107.2117104.016265.4284-.192353+0.51129104.1163103.6123+0.51154140Louisiana MonroeSB18-15+3.11112.539109.326766.3238-.054299-1.88202103.3201105.1194-3.86278141Louisiana TechCUSA20-13+2.96104.8162101.912565.3288-.046289-1.82195102.2263104.0147-3.87279142Kent St.MAC22-10+2.82109.770106.922767.4187+.1402+1.37113104.4149103.0106-4.28291143Rhode IslandA1018-15+2.69103.9183101.211367.5182+.018138+1.03120103.1210102.180-1.74220144SamfordSC17-16+2.24106.7127104.416969.196-.076330-1.64191104.7135106.3235-6.09328145Abilene ChristianSlnd27-6+2.10103.8186101.711966.1254+.08717-9.0034399.7327108.7343-4.49295146BrownIvy19-11+1.9098.927797.05370.940+.011150-2.51213102.2260104.7181-5.29315147BucknellPat21-12+1.88105.6150103.715470.647+.05264-2.79221103.4196106.1228+3.1789148UT ArlingtonSB17-15+1.84101.722699.89466.0257+.04771+1.40111104.9122103.5122+5.7935149UABCUSA20-14+1.81106.5136104.717365.0307-.011212-1.86198101.8277103.6125-5.01307150Miami OHMAC15-17+1.77104.8163103.014866.2246-.025244+3.5979105.792102.179-0.19175151Southern IllinoisMVC17-15+1.70104.3173102.614065.7273-.010209-0.90165103.0219103.9139+0.60149152UTSACUSA17-15+1.66105.8147104.216572.021-.017229+0.88124103.1211102.285+4.2859153PepperdineWCC16-18+1.43106.8124105.319670.257-.057307+0.12142104.3155104.1154-6.73333154VanderbiltSEC9-23+0.82102.1215101.311467.2195-.109344+9.6938109.23099.542-2.85250155Eastern MichiganMAC15-17+0.74103.5191102.714262.8344-.006197+5.5164107.263101.765+8.706156George MasonA1018-15+0.67104.5168103.815867.6163+.023122-1.19177102.2256103.4118-3.27261157North TexasCUSA21-12+0.5299.626399.18265.2294-.007201-3.64245101.1300104.8184-9.22343158Charleston SouthernBSth17-15+0.04101.4236101.311669.289-.092337-3.60243103.3202106.9261+4.7051159Florida AtlanticCUSA17-15-0.0299.526499.58867.5181-.039275-1.19178103.0218104.2158-1.04199160Coastal CarolinaSB15-16-0.15104.9160105.018569.486-.073327-0.94168104.9124105.9212-0.72186Strength of ScheduleNCSOSRkTeamConfW-LAdjEMAdjOAdjDAdjTLuckAdjEMOppOOppDAdjEM161UNLVMWC17-14-0.16106.0145106.120967.4185+.014145-1.88201103.1208105.0191-3.27262162MarshallCUSA19-14-0.16108.0105108.225173.97+.1086-0.01146102.9224102.999+1.94111163Wake ForestACC11-20-0.20104.7165104.918467.5183+.04083+8.9746108.64599.643-6.01325164UT Rio Grande ValleyWAC19-16-0.3399.426699.79370.259+.021128-0.92167103.3200104.2157-0.74187165Nebraska OmahaSum21-11-0.36110.067110.429267.8154+.1095-3.45237103.8174107.2286+2.6398166BradleyMVC20-14-0.36101.0246101.411765.1300+.04080-2.10205102.2258104.3165-3.79276167Gardner WebbBSth23-11-0.75107.6111108.325367.2196+.07031-4.52265102.5241107.0267-3.61272168Stony BrookAE24-8-0.7599.2272100.09969.0104+.07528-7.1231599.9325107.1275-3.05257169LehighPat20-11-0.79108.791109.526971.529+.08323-4.04251102.2255106.3232-1.15203170UC Santa BarbaraBW22-10-0.80105.2155106.020664.6319+.03590-6.95311101.4283108.4332-7.48336171DuquesneA1019-13-0.81104.5169105.319469.870+.05558-2.44211101.8275104.3163-7.21334172Sam Houston St.Slnd21-11-0.87106.0144106.922866.1256+.026109-5.75284100.8305106.5245+3.8971173Missouri St.MVC16-16-0.93103.0199103.916065.4287-.021235-1.51185102.7230104.2160-1.67217174North FloridaASun16-17-0.99103.8185104.818371.925+.015143+1.66102103.7178102.178+10.664175PrincetonIvy16-12-1.0298.9276100.09867.5176+.1018+0.50130104.2158103.7127-0.85194176Northern IowaMVC16-18-1.15101.2239102.413764.3326+.004171+0.60128103.2206102.694+3.8473177LouisianaSB19-13-1.17106.6134107.824472.020+.08519-1.08174104.5143105.6209-1.13202178WinthropBSth18-12-1.21106.5135107.724172.616+.016140-2.77220103.1209105.9213+2.23103179Colorado St.MWC12-20-1.22107.5114108.825867.0205-.111348+0.23137104.7131104.5175-1.75221180NJITASun21-12-1.28101.2238102.513966.5230+.09014-3.55240101.7278105.2196-3.74273181SeattleWAC18-14-1.41100.9248102.313367.2192-.028253-4.57266102.3250106.8258-8.92342182OhioMAC14-17-1.5498.7280100.310369.293+.06238+3.7075106.870103.1110+0.52152183New MexicoMWC14-18-1.60104.0180105.620072.715-.028252+0.76126104.4150103.6124-0.03170184Saint Joseph'sA1014-19-1.73105.3152107.023068.5123-.012219+0.92123103.2203102.387+0.73146185Santa ClaraWCC16-15-1.84101.9222103.815666.2248+.05947-0.42159104.3151104.8185-9.32344186CampbellBSth20-12-1.89108.0107109.927965.3290+.020130-4.67270103.1213107.7313-1.80223187PresbyterianBSth18-15-1.96109.282111.130667.7158-.065317-4.71271102.5240107.2280-0.87195188OaklandHorz16-17-2.14107.4116109.527068.6117-.002185-2.14206104.7132106.8259+2.14107189HartfordAE18-15-2.24108.495110.729866.6227-.008202-5.08278101.3294106.4237+1.08134190Purdue Fort WayneSum18-15-2.28106.6133108.926071.626-.002189-3.49238104.0167107.5297+0.26162191Northern ColoradoBSky21-11-2.43102.3212104.717766.4237+.05066-7.81330101.4288109.2351-1.31207192Cal BaptistWAC16-14-2.50106.8123109.326667.9150-.054300-2.93222102.6233105.5205-5.53320193HamptonBSth15-16-2.56107.6112110.128670.937-.109345-4.29257102.8229107.1274-1.73219194IUPUIHorz16-16-2.58104.0182106.522068.5120-.057308-3.59241103.4192107.0266-3.59271195MercerSC11-20-2.60103.7188106.321466.7221-.113349+1.8799106.277104.3167+1.56118196HawaiiBW18-13-3.03103.6189106.622366.3243-.005195-5.87287100.9303106.7253-5.02308197IonaMAAC17-15-3.09106.6130109.727670.645-.025245-6.62300100.1323106.7250+0.90140198AmericanPat15-15-3.13101.9223105.018666.5233-.119351-7.34322100.5313107.9314-10.49349199North Dakota St.Sum18-15-3.20106.7128109.927864.9312+.05263-3.05225104.7134107.7312+3.7576200Illinois ChicagoHorz16-16-3.22100.5252103.715569.965-.002186-2.37210104.5141106.9264+0.71147Strength of ScheduleNCSOSRkTeamConfW-LAdjEMAdjOAdjDAdjTLuckAdjEMOppOOppDAdjEM201RichmondA1013-20-3.24106.9121110.128565.9266-.088336-2.64216101.3293103.9143-7.86339202FIUCUSA19-13-3.25102.0218105.219077.51+.1047-1.22180101.8274103.1107-2.22231203Cal St. FullertonBW16-17-3.4399.0275102.413869.873+.010152-1.00173103.6184104.6178+7.2917204Illinois St.MVC17-16-3.51101.2240104.717466.7223+.08421-0.33156103.1216103.4117+1.24128205Appalachian St.SB11-21-3.60106.0141109.627371.527-.083333+1.25115105.3113104.0149+5.2042206Green BayHorz17-16-3.65102.9202106.622173.612+.08422-0.40158105.4103105.8211+7.5516207Indiana St.MVC15-16-4.14101.1242105.319168.8106+.026111+0.09143102.6232102.593+2.9395208Fairleigh DickinsonNEC20-13-4.25106.3137110.529566.8214+.010153-8.7434098.8340107.5299-1.50212209Prairie View A&MSWAC22-12-4.30101.7227106.020571.034+.07429-8.2333898.2345106.5240+6.5726210Washington St.P1211-21-4.32106.0142110.329170.549-.059310+1.44109105.1118103.6126-10.23348211PacificWCC14-18-4.4799.9259104.416865.0306+.04574+1.78100106.082104.2162-3.35266212ColumbiaIvy10-18-4.49102.0217106.521967.5178-.060311-0.91166103.0221103.9138-3.35265213Texas SouthernSWAC21-13-4.50104.1178108.625574.64+.05652-8.2233798.3344106.5244+12.372214South AlabamaSB17-17-4.51103.1196107.623966.3242+.012148-3.35233102.8226106.1225-7.90340215RiderMAAC16-15-4.51101.4237105.920373.88-.032262-6.86307100.5314107.3290-0.05171216LamarSlnd20-13-4.53103.2195107.724268.2140+.009155-7.27320100.6311107.9316+2.04109217CornellIvy15-15-4.6399.3270103.915967.6166+.08420+0.00145103.9170103.9141-1.16204218DartmouthIvy11-19-4.65103.6190108.225265.8271-.109346-1.68192102.4242104.1153-5.09310219William & MaryCAA14-17-4.65103.4192108.124768.6118+.029106-1.86200105.886107.7311+3.1292220Florida Gulf CoastASun14-18-4.69101.4234106.121067.9148-.003190-0.79164103.4195104.1156+4.1163221ValparaisoMVC15-18-4.9298.0288103.014765.1297+.003176-1.73193102.1269103.8135-3.26260222Little RockSB10-21-4.9399.8260104.818170.454-.149352-1.59189104.3152105.9214-2.29233223Long Beach St.BW15-19-4.99101.2241106.121171.530+.05165-0.39157104.3154104.7180+5.8530224Weber St.BSky18-15-5.05101.4235106.521871.033-.022237-6.88309102.0272108.9345+0.92137225Cal St. BakersfieldWAC16-15-5.15102.6206107.724365.4286+.05557-1.55188103.8173105.4200-2.44239226La SalleA1010-21-5.1699.9256105.118868.8109-.040278+0.30135103.7176103.4120+0.91138227EvansvilleMVC11-21-5.3799.4265104.818269.485-.061313-0.11148103.1215103.2112+1.80114228High PointBSth16-15-5.5299.3271104.818063.6334+.019133-4.04252103.5189107.5302-2.37237229South DakotaSum13-17-5.70100.5253106.221266.8213-.048292-3.64244103.9171107.5303-0.22176230UMBCAE21-13-5.7596.0313101.812264.9309+.07826-6.82305100.2318107.0271-4.19288231Southeastern LouisianaSlnd17-16-5.8999.4268105.319365.2295+.009154-6.75303100.6312107.4291+2.14106232Boston UniversityPat15-18-5.93104.2176110.228766.2249-.025243-4.50264102.5238107.0268-4.00285233QuinnipiacMAAC16-14-5.98104.5170110.529466.8219-.024242-9.4134498.8338108.2328-7.61337234UMKCWAC11-21-6.13101.0244107.223366.2244-.052298+0.45131105.4105104.9188+1.51121235MassachusettsA1011-21-6.15102.9203109.126367.2193-.061312-1.45181102.8228104.2159-4.59298236DetroitHorz11-20-6.48106.2138112.732268.5122-.011215+0.20138105.1119104.9186+5.8433237Eastern KentuckyOVC13-18-6.5699.4269105.920476.52+.012149-1.77194103.8175105.5206+0.94136238Eastern WashingtonBSky16-18-6.57101.0245107.624067.7159+.026112-4.65269102.9225107.5301+7.1118239Sacred HeartNEC15-17-6.71104.1177110.929971.924-.062315-7.70327100.4315108.1325-1.18205240Holy CrossPat16-17-6.79101.1243107.924563.5335+.06733-3.43236103.2205106.6247-1.85224Strength of ScheduleNCSOSRkTeamConfW-LAdjEMAdjOAdjDAdjTLuckAdjEMOppOOppDAdjEM241Air ForceMWC14-18-6.84100.6250107.423866.5234+.030101-1.12175103.0220104.1151-3.85277242ArmyPat13-19-6.8696.2311103.114969.776-.028251-4.40262103.3198107.7310-4.46293243Middle TennesseeCUSA11-21-7.2198.2284105.419767.6172+.013147+2.0396104.0168102.075+10.295244CaliforniaP128-23-7.22103.0197110.328866.5231+.03786+4.6869106.673101.973+0.21164245DrexelCAA13-19-7.37105.6149113.032769.0100+.004173-2.64215104.6139107.2283-1.20206246TroySB12-18-7.41102.9204110.328966.9207+.05361-0.19152104.4145104.6176+1.52120247RiceCUSA13-19-7.46103.0200110.429370.162+.000183-1.86199101.4285103.3114+0.67148248UC DavisBW11-20-7.4896.3308103.815765.8269-.043284-1.47184103.2204104.7182+5.0845249The CitadelSC12-18-7.59106.7126114.333673.611+.028107+1.60106105.595103.9142+0.31161250JacksonvilleASun12-20-7.6198.8278106.421570.939-.056306-3.35232102.4246105.7210-3.90281251Western MichiganMAC8-24-7.6499.1273106.822569.194-.039276+2.9491106.276103.3116-3.05256252Montana St.BSky15-17-7.64107.6113115.234469.967+.008157-6.29294102.1264108.4335+3.9569253New OrleansSlnd19-13-7.6797.1298104.817968.2137+.09313-6.63301100.8304107.5294+6.7123254Arkansas St.SB13-19-7.68102.4209110.028468.2139+.08618-0.24153104.8128105.0193+1.01135255Morehead St.OVC13-20-7.72102.3211110.028367.1200+.06045-0.29154104.6137104.9187+5.1344256FordhamA1012-20-7.8496.6304104.417065.1303-.075329-4.31259101.1298105.4202-11.57351257ChattanoogaSC12-20-7.86101.6230109.426866.1255+.025113+1.09119105.599104.4172-1.78222258UMass LowellAE15-17-7.86104.4172112.331669.871-.026246-6.25293100.1324106.3236-4.08287259Cal St. NorthridgeBW13-20-7.98104.6167112.532070.550-.013221-4.77274101.4287106.1226-3.90282260DelawareCAA17-16-8.07104.8161112.932563.2340+.08025-4.34260103.7181108.0322-5.96324261St. Francis PANEC18-14-8.12105.3153113.433068.1142+.08816-7.76328100.7308108.5336+6.8822262LIU BrooklynNEC16-16-8.1998.2285106.421670.844-.013222-8.6433999.7328108.3330-5.63322263Youngstown St.Horz12-20-8.32104.0181112.331767.0206-.004193-1.83196103.7177105.6207+0.81144264Norfolk St.MEAC21-13-8.4097.6292106.020869.292+.05067-11.0035197.2351108.2326+1.63116265SienaMAAC17-16-8.40100.6249109.026260.5352+.06046-7.15317100.4316107.5300-1.66216266Loyola MDPat11-21-8.72101.6232110.329068.4124-.028250-3.38234103.7182107.0272-1.37208267Robert MorrisNEC17-16-8.7794.9323103.715366.0259+.03591-7.85333101.1301109.0347-1.10201268North DakotaSum12-18-8.7797.4295106.221369.678-.046288-2.98223104.9123107.9317+2.20104269East CarolinaAmer10-21-8.9998.0289107.023168.0145-.006198+0.30134103.3199103.0105-11.80352270UNC WilmingtonCAA10-23-9.04105.4151114.433869.290-.034266-1.63190105.598107.1276+2.17105271Western CarolinaSC7-25-9.22101.8224111.030269.483-.051296+2.8192106.968104.1150+5.0846272Grambling St.SWAC17-16-9.4294.8324104.216669.774-.029254-10.1934897.8348108.0319+4.1661273St. Francis NYNEC17-15-9.5095.8316105.319568.3132+.05262-8.16335100.6310108.8344-3.48268274MaristMAAC12-19-9.51100.1255109.727464.4323-.054303-7.12314100.2320107.3288-2.58241275Sacramento St.BSky15-16-9.5596.3310105.920168.0143-.011211-7.50324101.7280109.2350-2.10229276Houston BaptistSlnd12-18-9.60103.0201112.632173.810-.038272-5.23281101.3295106.5242+7.0519277AlbanyAE12-20-9.8698.3282108.224965.8268-.066319-6.72302100.2321106.9263-5.13311278James MadisonCAA14-19-9.87101.0247110.930065.1301+.05653-3.65246104.9125108.5337-3.59270279CanisiusMAAC15-17-9.87101.6231111.530967.6167+.1154-5.21280100.8306106.0218+4.0067280Texas A&M Corpus ChrisSlnd14-18-9.9094.6327104.517264.8315-.011213-5.51283101.3289106.8260+4.2060Strength of ScheduleNCSOSRkTeamConfW-LAdjEMAdjOAdjDAdjTLuckAdjEMOppOOppDAdjEM281NavyPat12-19-9.9097.2297107.123266.9212+.06139-2.68217103.3197106.0219-0.82191282Southern UtahBSky16-16-9.9096.6305106.521771.035+.04868-6.82306102.3248109.2349+1.41123283VMISC11-21-10.04102.3210112.431871.528+.018136+1.63104106.181104.4173-0.85193284Cleveland St.Horz10-21-10.07101.6228111.731069.0101-.041280-1.98203104.8127106.8255+0.87142285North AlabamaASun10-22-10.1895.1321105.319268.4131+.006166+1.32114104.6138103.3115+7.5914286LongwoodBSth15-17-10.2096.4307106.622267.0203-.002187-6.34297102.2262108.5338-9.58345287Portland St.BSky16-16-10.38101.6229112.031469.0103+.04672-7.32321101.3292108.6340-1.52213288TowsonCAA10-22-10.48100.2254110.729763.4336-.049294-4.14253103.9172108.0323-4.01286289Tennessee MartinOVC12-19-10.63104.7166115.334668.4130+.009156-3.23231103.0217106.3233-0.47182290George WashingtonA109-24-10.6795.3319106.020767.1199-.009206-0.16150103.0222103.1111-1.90227291Oral RobertsSum11-21-10.73103.4193114.233566.8218+.013146-1.19179105.4100106.6248+4.0166292TulaneAmer4-27-10.7796.6303107.423769.775-.042282+3.2686105.791102.488-3.77275293MonmouthMAAC14-21-10.8993.1334104.016467.4186+.04769-4.74272102.5239107.2284+3.6379294Western IllinoisSum10-21-10.9797.4296108.425467.2190-.106343-4.49263104.4148108.9346-5.32317295Tennessee St.OVC9-21-11.0898.5281109.627169.487-.062314-2.03204103.0223105.0190+4.5155296Central ArkansasSlnd14-19-11.1699.9258111.030370.452+.019135-4.27255101.1297105.4201+8.388297CharlotteCUSA8-21-11.1795.5317106.722464.4322-.005196-1.51186102.2253103.8133-0.08173298UTEPCUSA8-21-11.2290.0342101.211267.9149-.086334-2.21208102.2259104.4171-1.55214299LafayettePat10-20-11.27101.5233112.832468.8110+.004172-4.35261102.3247106.7251-3.50269300MilwaukeeHorz9-22-11.3798.3283109.627266.0261+.016142-2.72219103.6183106.4238-1.70218301FairfieldMAAC9-22-11.5095.9315107.423667.7155-.094339-7.8533299.4334107.2285-2.85249302North Carolina A&TMEAC19-13-11.5896.5306108.024665.6279+.0999-10.7334997.8347108.5339+3.6380303North Carolina CentralMEAC18-15-11.9196.8301108.725665.3292+.004170-12.1635296.5353108.7341+1.42122304Northern ArizonaBSky10-21-11.92100.5251112.431968.4126-.036269-6.18292102.2261108.4331+0.34158305ElonCAA11-21-12.1199.0274111.130567.9147-.002188-3.76249104.5144108.2327-3.34264306Bethune CookmanMEAC14-17-12.1293.4332105.519972.119-.030255-10.9035098.5342109.4352-1.46211307Eastern IllinoisOVC14-18-12.2499.6262111.931266.8215+.09412-4.90276102.7231107.6305-3.89280308HowardMEAC17-16-12.38101.9221114.333771.132+.025114-9.8934697.3350107.1278-0.12174309Southeast Missouri St.OVC10-21-12.4897.5294110.028067.5174-.033265-3.59242103.1212106.7249-2.64244310Nicholls St.Slnd14-17-12.6498.8279111.430768.4128-.005194-6.95312101.1299108.1324+3.5881311Stephen F. AustinSlnd14-16-12.7495.4318108.225068.7114+.03689-6.17291101.7279107.9315+3.9768312DenverSum8-22-13.1299.8261113.032667.1202-.062316-3.19229103.6187106.7254-0.76188313WagnerNEC13-17-13.4493.9330107.323463.7331+.04376-6.87308101.4286108.3329-0.07172314NiagaraMAAC13-19-13.56101.7225115.334569.680+.03197-8.7834298.4343107.1277-7.65338315WyomingMWC8-24-13.6595.1320108.725768.3134+.003177-0.98171104.0165105.0192-3.91283316Arkansas Pine BluffSWAC13-19-13.6596.2312109.827765.1299+.023123-7.0831398.9337106.0215+6.1228317Saint Peter'sMAAC10-22-13.6694.5328108.124863.1341-.013224-7.24319100.8307108.0320-2.33235318Florida A&MMEAC12-19-14.2789.1347103.315064.8314-.007199-7.2231899.8326107.0270+4.9647319Jackson St.SWAC13-19-14.8489.9343104.717865.0305+.007163-8.7734198.8339107.6306+5.4338320Central ConnecticutNEC11-20-14.8897.1299112.031369.099+.006165-5.97288101.3291107.3289+3.0794Strength of ScheduleNCSOSRkTeamConfW-LAdjEMAdjOAdjDAdjTLuckAdjEMOppOOppDAdjEM321UC RiversideBW10-23-14.9598.2286113.132963.2339-.023240-3.12226102.3249105.4199-1.86225322Tennessee TechOVC8-23-15.1889.5344104.717668.2138-.042283-3.18228104.3156107.4293+1.33126323ManhattanMAAC11-21-15.2389.5346104.717561.7351+.021127-7.84331100.1322107.9318-4.22290324Mount St. Mary'sNEC9-22-15.2494.7326110.028167.1201-.012217-5.24282102.2252107.5295+5.2841325BryantNEC10-20-15.6299.4267115.034367.5173+.026110-7.45323100.2319107.6307-2.43238326PortlandWCC7-25-15.6294.4329110.028266.7220-.011214+0.18140103.6185103.4119-7.47335327StetsonASun7-24-15.8397.7291113.533168.8111-.054302-2.99224101.5282104.4174-2.96255328Idaho St.BSky11-19-16.29101.9219118.235066.8216+.06734-5.10279102.5234107.6308+7.7912329Alabama St.SWAC12-19-16.3694.7325111.130467.1198+.024120-6.9431099.5331106.5241+12.571330SIU EdwardsvilleOVC10-21-16.4996.6302113.132869.679+.03395-5.00277102.5236107.5296-5.23312331McNeese St.Slnd9-22-16.5498.1287114.734066.2247-.047290-5.81286101.2296107.0273+5.1543332BinghamtonAE10-23-16.7596.0314112.732365.8270+.003180-4.58267100.7309105.3197-2.86252333Cal PolyBW6-23-17.7796.9300114.734166.1253-.068320-3.72248101.8276105.5203-2.34236334Morgan St.MEAC9-21-18.0492.6337110.629672.022-.074328-12.8735397.1352110.0353-0.29177335SouthernSWAC7-25-18.4193.8331112.231565.6280-.082332-7.1531699.5333106.6246+7.6413336USC UpstateBSth6-26-18.5592.9335111.530868.0146-.049293-3.12227103.4193106.5243-1.01197337MaineAE5-27-18.6593.2333111.831164.0330-.058309-2.71218102.0271104.7183+1.70115338South Carolina St.MEAC8-26-18.8498.0290116.834866.9211-.037270-7.8132999.0335106.8256+6.6025339Kennesaw St.ASun6-26-19.1691.8339111.030168.2141+.04082+0.95122104.0166103.1109+4.1362340Northwestern St.Slnd11-20-19.7090.0341109.727568.5121+.06932-6.32295100.9302107.2281+3.8275341Savannah St.MEAC11-20-19.7796.3309116.134774.83+.06141-10.1034797.5349107.6304+4.7250342Coppin St.MEAC8-25-20.5588.6349109.226470.161+.010151-7.7032699.5332107.2282+8.2010343San Jose St.MWC4-27-21.8591.9338113.733369.291-.021234-0.95169103.7179104.7179-4.77303344Alabama A&MSWAC5-27-22.6586.6350109.326565.6282-.044286-8.1833699.0336107.2279+0.45155345Incarnate WordSlnd6-25-22.8597.5293120.435364.9310-.066318-4.88275101.3290106.2230+4.5753346New HampshireAE5-24-23.0584.3353107.323565.5283-.015228-6.02290101.5281107.5298-4.54296347IdahoBSky5-27-23.8994.9322118.835265.3293-.036268-6.80304102.2257109.0348-3.29263348UNC AshevilleBSth4-27-24.1392.9336117.034961.8350-.032259-0.98170105.0120106.0216+4.5952349Alcorn St.SWAC10-21-24.6488.9348113.533265.7277+.03198-8.0233498.7341106.7252+8.369350Mississippi Valley St.SWAC6-26-25.0989.5345114.633969.195-.018231-6.3929899.6329106.0217+6.9721351Chicago St.WAC3-29-27.8990.4340118.335170.063-.012218+3.4581105.693102.182+5.9429352Delaware St.MEAC6-25-29.6684.3352114.033469.677+.008158-9.7934597.9346107.7309+0.91139353Maryland Eastern ShoreMEAC7-25-29.7085.2351114.934263.0343+.024118-7.6832599.6330107.3287+5.8432,,,,,,,,,,,,Strength of Schedule,,,,,,NCSOS,,
Rk,Team,Conf,W-L,AdjEM,AdjO,,AdjD,,AdjT,,Luck,,AdjEM,,OppO,,OppD,,AdjEM,
1,Virginia,ACC,29-3,35.65,123.7,2,88,5,59.3,353,0.024,119,10.53,27,108.5,48,98,19,-2.8,248
2,Gonzaga,WCC,30-3,32.86,125.3,1,92.4,16,69.8,69,0.008,160,3.44,83,106.4,75,102.9,102,2.06,108
3,Duke,ACC,29-5,31.96,120.2,6,88.2,6,72.3,18,0.018,137,13.22,6,110.5,5,97.3,11,5.38,40
4,Michigan St.,B10,27-6,31.11,121.7,4,90.6,9,67.6,164,-0.013,225,13.1,7,110.2,10,97.1,6,3.16,90
5,Michigan,B10,28-5,29.67,115.7,18,86,1,64.7,318,-0.004,192,11.03,22,109,34,98,18,-4.92,305
6,North Carolina,ACC,27-6,29.19,120,7,90.8,10,74.4,5,0.024,117,13.71,2,110.9,2,97.2,8,5.83,34
7,Tennessee,SEC,29-4,28.33,123.5,3,95.2,33,67.7,157,0.025,115,10.11,31,108.8,39,98.7,26,1.41,124
8,Kentucky,SEC,27-6,27.48,118.4,13,90.9,12,65.9,264,0.037,87,11.06,21,110.2,11,99.1,36,2.28,102
9,Texas Tech,B12,26-6,26.77,112.8,36,86.1,2,66.6,226,0.004,175,8.35,53,108,56,99.6,44,-4.98,306
10,Purdue,B10,23-9,26.04,121.2,5,95.2,32,65.7,276,-0.012,220,13.05,9,109.8,19,96.8,2,4.35,58
11,Virginia Tech,ACC,24-8,24.47,118.6,11,94.1,25,63.3,337,0.002,181,8.63,50,108.3,51,99.6,45,-6.03,326
12,Wisconsin,B10,23-10,23.67,110.9,50,87.3,3,63.7,333,-0.026,247,13.59,3,110.5,6,96.9,4,3.57,82
13,Houston,Amer,31-2,23.42,114.6,22,91.2,13,66.2,245,0.058,49,2.71,94,104.7,133,102,76,-3.77,274
14,Florida St.,ACC,27-7,22.56,113.1,32,90.5,8,68.3,135,0.045,75,10.72,25,109.6,22,98.9,31,1.11,133
15,Auburn,SEC,25-9,22.11,119.3,8,97.2,56,67.6,170,0.003,179,10.41,29,109.3,29,98.9,32,2.79,96
16,Iowa St.,B12,23-11,21.86,119.1,9,97.3,59,67.7,161,-0.051,295,10.39,30,108.9,36,98.6,22,-1.44,210
17,Louisville,ACC,20-13,21,113.5,29,92.5,17,67.2,194,-0.054,301,13.05,8,110.7,3,97.7,15,6.13,27
18,LSU,SEC,26-6,21,118.6,10,97.6,62,69.9,66,0.035,92,9.52,40,108.8,41,99.2,38,3.16,91
19,Kansas,B12,25-9,20.75,112.9,33,92.1,15,70,64,0.088,15,13.96,1,111.5,1,97.6,13,11.09,3
20,Wofford,SC,29-4,20.72,118.5,12,97.8,63,65.7,274,0.06,44,1.39,112,105.5,96,104.1,155,8.43,7
21,Mississippi St.,SEC,23-10,20.66,117.5,14,96.8,50,67.5,179,-0.027,248,10.42,28,110.1,13,99.7,46,2.43,99
22,Buffalo,MAC,31-3,20.33,115,19,94.7,28,73.8,9,0.041,77,2.81,93,105.3,112,102.5,91,1.61,117
23,Kansas St.,B12,25-8,20.23,108.1,104,87.8,4,63.1,342,0.061,43,10.08,32,109.2,31,99.1,35,-0.51,183
24,Maryland,B10,22-10,19.98,113.9,27,94,22,65.7,275,0.001,182,11.1,20,109.6,23,98.5,21,-4.61,300
25,Nevada,MWC,29-4,18.93,114.1,26,95.2,34,69.3,88,0.039,85,1.4,110,105.3,108,103.9,140,2.02,110
26,Villanova,BE,25-9,18.78,117.1,16,98.3,73,63.7,332,0.017,139,8.24,54,108.5,49,100.3,57,3.68,78
27,Marquette,BE,24-9,18.41,114.3,24,95.9,35,68.7,116,0.007,164,7.66,58,107.6,59,100,52,0.81,145
28,Florida,SEC,19-15,18.32,110.3,61,92,14,62.8,346,-0.072,326,11.65,17,110.5,4,98.9,30,5.39,39
29,Clemson,ACC,19-13,17.94,108.8,90,90.9,11,66,258,-0.069,321,9.92,34,108.7,43,98.8,27,1.17,132
30,Texas,B12,16-16,17.91,114.2,25,96.3,40,64.3,327,-0.117,350,12.6,14,110.3,8,97.7,14,5.53,37
31,Saint Mary's,WCC,22-11,17.74,114.8,21,97.1,55,62.7,347,-0.033,263,3.67,77,106.5,74,102.8,95,-0.33,180
32,North Carolina St.,ACC,22-11,16.66,112.8,35,96.2,38,70.8,41,-0.009,204,7.12,59,107,66,99.9,49,-12.06,353
33,Utah St.,MWC,28-6,16.66,113.1,31,96.5,45,67.9,151,0.007,162,0.05,144,104.4,147,104.4,170,1.2,130
34,Syracuse,ACC,20-13,16.3,110.3,60,94,24,66.1,250,0.005,169,10.08,33,108.7,44,98.6,23,0.52,153
35,Cincinnati,Amer,27-6,16.15,111.2,48,95,30,63.3,338,0.061,42,3.69,76,106.2,78,102.5,92,-2.64,243
36,Iowa,B10,22-11,15.95,117.3,15,101.3,115,69.4,84,0.057,51,10.59,26,108.5,47,97.9,17,-6.58,332
37,VCU,A10,25-7,15.69,104.4,171,88.7,7,68.2,136,0.004,174,1.16,117,105.1,115,103.9,144,3.51,85
38,Oklahoma,B12,19-13,15.55,109.5,73,94,23,68.7,112,0.031,100,12.66,12,109.8,20,97.1,7,7.86,11
39,Nebraska,B10,18-16,15.52,112.7,38,97.2,57,66.3,239,-0.055,305,13.36,4,110,16,96.7,1,0.43,157
40,Penn St.,B10,14-18,15.42,109.6,72,94.2,26,67.6,168,-0.102,341,13.27,5,110.3,7,97,5,4.51,54
,,,,,,,,,,,,,Strength of Schedule,,,,,,NCSOS,
Rk,Team,Conf,W-L,AdjEM,AdjO,,AdjD,,AdjT,,Luck,,AdjEM,,OppO,,OppD,,AdjEM,
41,Baylor,B12,19-13,15.3,113.6,28,98.3,75,65.3,291,-0.032,261,9.21,43,108,58,98.8,28,-4.19,289
42,Indiana,B10,17-15,15.28,110.2,62,94.9,29,66.5,232,-0.044,285,12.63,13,110.1,14,97.5,12,-0.81,189
43,Oregon,P12,23-12,15.16,107.8,108,92.7,18,64.1,328,-0.039,273,4.12,73,107,65,102.9,100,0.31,160
44,Ohio St.,B10,19-14,15.03,109.4,75,94.3,27,65.7,272,0.005,168,11.6,18,110.2,9,98.6,24,-2.72,246
45,Mississippi,SEC,20-12,15.02,112.9,34,97.8,65,68.4,129,-0.018,232,8.64,48,108.9,37,100.3,58,-0.81,190
46,UCF,Amer,23-8,14.59,110.5,58,95.9,36,64.8,313,0.029,103,3.63,78,105.3,110,101.7,64,-3.41,267
47,Minnesota,B10,21-13,14.47,110.8,53,96.3,43,67.5,177,0.082,24,12.1,16,109.9,17,97.8,16,-2.77,247
48,TCU,B12,20-13,14.19,110.5,57,96.3,41,68.8,107,0.014,144,9.78,36,108.8,40,99,34,-0.83,192
49,New Mexico St.,WAC,30-4,13.6,112.7,37,99.1,83,65.7,278,0.061,40,-3.49,239,102.5,235,106,220,-2.92,254
50,Creighton,BE,18-14,13.48,113.4,30,99.9,96,68.4,125,-0.045,287,9.14,44,109.4,28,100.2,56,5.67,36
51,Washington,P12,26-8,13.33,107.1,119,93.8,20,65.9,263,0.078,27,4.94,67,106.8,69,101.9,72,3.09,93
52,Murray St.,OVC,27-4,13.29,112.1,41,98.8,81,69.1,98,0.033,96,-4.77,273,102.2,254,107,269,-1.04,200
53,Lipscomb,ASun,25-7,13.23,110.1,64,96.9,51,72.9,14,-0.041,279,-2.57,214,102.4,244,105,189,6.63,24
54,Belmont,OVC,26-5,13.07,115,20,101.9,126,71.2,31,0.041,78,-3.22,230,102.8,227,106,221,3.45,86
55,Seton Hall,BE,20-13,12.9,109.4,74,96.5,47,69,102,0.022,126,9.43,41,109.4,27,100,53,4.45,56
56,Furman,SC,25-7,12.63,109,87,96.3,42,66.5,229,0.03,102,-0.73,162,105.4,101,106.2,229,-2.33,234
57,Arkansas,SEC,17-15,12.34,109.6,71,97.3,60,70.3,55,-0.041,281,8.44,52,108.3,52,99.8,47,0.59,151
58,Toledo,MAC,25-7,11.99,110.1,65,98.1,67,67.5,175,0.047,70,0.63,127,104.6,136,104,148,-3.91,284
59,Dayton,A10,21-11,11.44,111.6,45,100.2,101,64.5,321,-0.036,267,1.11,118,104.2,157,103.1,108,1.54,119
60,Alabama,SEC,18-15,11.43,108.2,101,96.8,49,68.7,115,0.039,84,10.9,24,110.1,15,99.2,37,3.82,74
61,Arizona St.,P12,22-10,11.2,109.9,68,98.7,79,70.6,46,0.046,73,4.82,68,106.7,71,101.9,71,1.82,113
62,Memphis,Amer,21-13,10.92,109.1,83,98.2,71,74.1,6,-0.031,258,3.53,80,105.3,106,101.8,66,0.18,165
63,Liberty,ASun,28-6,10.8,110.7,55,99.9,95,61.8,349,0.006,167,-4.62,268,101.4,284,106,223,-2.86,251
64,Colorado,P12,21-12,10.41,106.6,131,96.2,39,67.7,160,-0.037,271,2.02,97,105.7,87,103.7,131,-4.6,299
65,Xavier,BE,18-15,10.36,110.9,51,100.6,107,64.9,311,0.008,159,8.1,55,108.9,38,100.8,59,1.19,131
66,San Francisco,WCC,21-10,9.98,111.9,43,101.9,128,66.5,235,-0.022,238,-0.19,151,104.1,160,104.3,166,-6.46,330
67,Providence,BE,18-15,9.95,105.1,156,95.1,31,67.7,156,-0.014,227,7.04,60,108.9,35,101.9,74,-2.45,240
68,Butler,BE,16-16,9.91,111,49,101,111,66,260,-0.032,260,8.51,51,108.7,42,100.2,55,3.88,72
69,East Tennessee St.,SC,24-9,9.83,109.2,79,99.4,87,67,204,0.022,124,-0.43,160,105.7,90,106.1,227,-1.94,228
70,Missouri,SEC,15-17,9.75,106.8,122,97.1,54,64.7,317,-0.017,230,9.82,35,109.7,21,99.9,50,0.45,156
71,Fresno St.,MWC,23-9,9.69,108.3,98,98.7,78,67.8,153,-0.011,216,-1.46,183,103.7,180,105.2,195,-4.79,304
72,Miami FL,ACC,14-18,9.68,110.1,66,100.4,105,66.9,208,-0.072,325,8.97,47,108.4,50,99.4,39,-3.07,258
73,South Carolina,SEC,16-16,9.68,108,106,98.4,76,70.1,60,0.022,125,10.92,23,109.5,25,98.6,25,2.7,97
74,Northwestern,B10,13-19,9.56,103,198,93.5,19,65.9,265,-0.111,347,9.73,37,108.5,46,98.8,29,-5.61,321
75,UC Irvine,BW,30-5,9.47,106.7,125,97.3,58,65.2,296,0.097,10,-3.91,250,102.4,245,106.3,234,1.84,112
76,Temple,Amer,23-9,9.43,109,86,99.6,91,68.8,108,0.065,36,3.84,74,105.7,88,101.9,70,-0.62,184
77,Rutgers,B10,14-17,9.3,105.6,148,96.3,44,67.6,171,-0.02,233,11.13,19,109.6,24,98.4,20,-4.47,294
78,Northeastern,CAA,23-10,8.75,111.6,46,102.9,146,66.1,251,0.023,121,-0.77,163,106.1,80,106.9,262,6.99,20
79,St. John's,BE,21-12,8.74,109.8,69,101,110,70.6,48,0.071,30,5.92,62,107.1,64,101.2,61,-6.08,327
80,Vermont,AE,27-6,8.72,108.1,102,99.4,86,65.4,285,0.056,55,-5.99,289,100.2,317,106.2,231,3.54,84
,,,,,,,,,,,,,Strength of Schedule,,,,,,NCSOS,
Rk,Team,Conf,W-L,AdjEM,AdjO,,AdjD,,AdjT,,Luck,,AdjEM,,OppO,,OppD,,AdjEM,
81,UNC Greensboro,SC,28-6,8.6,106.7,129,98.1,66,67.5,180,0.175,1,0.19,139,105.7,89,105.5,204,-2.9,253
82,Illinois,B10,12-21,8.5,109.2,80,100.7,108,70.5,51,-0.052,297,13.03,10,109.9,18,96.9,3,4.01,65
83,Davidson,A10,24-9,8.28,107.6,109,99.4,85,64.6,320,0.065,37,0.77,125,104.5,142,103.7,132,2.33,101
84,Yale,Ivy,21-7,8.27,110.6,56,102.3,134,70.8,42,0.056,54,-1.52,187,102.4,243,103.9,145,-1.88,226
85,San Diego,WCC,21-14,7.91,106.1,139,98.2,69,66.9,210,-0.004,191,3.07,89,105.9,84,102.8,97,0.13,169
86,Oregon St.,P12,18-13,7.88,111.3,47,103.4,152,65.6,281,-0.04,277,3.21,87,105.3,109,102.1,81,-3.08,259
87,BYU,WCC,19-13,7.83,111.8,44,104,163,70.8,43,0.027,108,3.36,84,106.2,79,102.8,96,0.33,159
88,USC,P12,16-17,7.64,109.3,78,101.7,120,69.5,81,-0.096,340,3.45,82,105.3,111,101.8,67,-2.14,230
89,Oklahoma St.,B12,12-20,7.64,109,85,101.4,118,65.9,262,-0.01,210,12.91,11,110.2,12,97.2,9,5.85,31
90,Notre Dame,ACC,14-19,7.58,108.3,97,100.8,109,65.1,298,-0.055,304,8.64,49,108.1,54,99.5,41,-5.31,316
91,Georgetown,BE,19-13,7.51,109.4,76,101.8,124,72,23,0.054,60,6.1,61,108.1,53,102,77,-4.55,297
92,Texas A&M,SEC,14-18,7.49,107,120,99.5,89,67.3,188,-0.021,236,9.67,39,109.1,33,99.4,40,-0.31,178
93,Hofstra,CAA,27-7,7.47,116.4,17,108.9,259,67.3,189,0.029,105,-5.76,285,102.2,251,108,321,-6.15,329
94,Wichita St.,Amer,19-14,7.44,106,143,98.6,77,67.8,152,0.029,104,4.53,71,106,83,101.4,62,3.55,83
95,West Virginia,B12,14-20,7.3,109.2,81,101.9,127,70.2,56,0.016,141,12.21,15,109.5,26,97.3,10,0.6,150
96,Utah Valley,WAC,24-9,7.19,109.1,84,101.9,129,68.4,127,0.04,81,-1.45,182,104.1,161,105.6,208,0.16,167
97,Pittsburgh,ACC,14-19,7.09,105.2,154,98.2,68,66.9,209,-0.094,338,7.84,56,108,57,100.1,54,-8.76,341
98,South Dakota St.,Sum,24-8,7.08,112.2,40,105.1,189,70.9,36,-0.023,241,-6.32,296,102.1,266,108.4,334,-4.35,292
99,Arizona,P12,17-15,6.82,105.1,157,98.2,70,66.6,224,-0.013,223,5.41,66,107.6,61,102.2,84,3.42,87
100,Northern Kentucky,Horz,26-8,6.52,109.3,77,102.8,145,68,144,-0.008,203,-4.3,258,103.1,214,107.4,292,-2.64,242
101,Southern Miss,CUSA,20-12,6.41,106.6,132,100.2,102,64.7,316,-0.014,226,0.33,133,103.5,188,103.2,113,2.35,100
102,Georgia Southern,SB,21-12,6.41,108.5,93,102.1,131,73.1,13,-0.009,207,1.18,116,105.4,102,104.2,161,4.86,49
103,DePaul,BE,15-15,6.34,110.8,52,104.5,171,69.4,82,-0.039,274,5.51,63,106.9,67,101.4,63,-10.82,350
104,Grand Canyon,WAC,20-13,6.23,108.2,100,102,130,67.6,165,-0.033,264,-0.65,161,104,169,104.6,177,0.25,163
105,Saint Louis,A10,22-12,6.21,102.8,205,96.6,48,66.3,241,0.036,88,0.24,136,104.1,162,103.9,136,-1.01,198
106,Bowling Green,MAC,22-12,6.16,108.3,99,102.1,132,70.4,53,0.035,93,1.53,107,105.3,107,103.8,134,-4.68,302
107,Akron,MAC,17-16,6.08,99.9,257,93.8,21,66.1,252,-0.105,342,1.66,103,105.5,97,103.9,137,-5.25,313
108,Connecticut,Amer,16-17,6.04,108.4,96,102.4,136,68.5,119,-0.07,323,3.34,85,105.2,114,101.9,69,-5.28,314
109,Georgia Tech,ACC,14-18,5.94,101.9,220,96,37,66.7,222,-0.023,239,9.04,45,108,55,99,33,-4.64,301
110,UCLA,P12,17-16,5.84,108.5,92,102.7,141,72.4,17,0.007,161,5.42,65,107.6,60,102.2,83,3.69,77
111,Old Dominion,CUSA,26-8,5.58,102.1,216,96.5,46,64.4,325,0.055,59,-2.36,209,102,270,104.4,169,-5.69,323
112,Jacksonville St.,OVC,24-9,5.45,105,158,99.5,90,67.6,169,0.003,178,-4.29,256,102.1,268,106.4,239,0.15,168
113,Utah,P12,17-14,5.39,114.3,23,108.9,261,66.3,240,0.031,99,4.65,70,105.9,85,101.2,60,-0.38,181
114,Georgia St.,SB,23-9,5.3,108.1,103,102.8,144,69.8,72,0.124,3,0.97,121,105.1,117,104.1,152,4.06,64
115,Boston College,ACC,14-17,5.3,107.6,110,102.3,135,67.2,191,0.019,134,7.67,57,107.5,62,99.8,48,-6.52,331
116,Western Kentucky,CUSA,20-14,5.27,105,159,99.7,92,67.7,162,0,184,1.62,105,104.1,164,102.4,89,4.96,48
117,St. Bonaventure,A10,18-15,5.23,102.2,213,97,52,64,329,-0.031,257,-0.04,147,103.5,190,103.5,121,-0.71,185
118,SMU,Amer,15-17,5.15,112.1,42,106.9,229,64.9,308,-0.07,322,2.98,90,104.8,126,101.9,68,-5.47,319
119,Stanford,P12,15-16,5.11,103.4,194,98.3,72,69.9,68,-0.027,249,4.33,72,106.6,72,102.3,86,1.33,127
120,South Florida,Amer,19-13,5.08,102.4,207,97.4,61,67.1,197,-0.048,291,-0.15,149,104.1,159,104.3,164,-10.18,347
,,,,,,,,,,,,,Strength of Schedule,,,,,,NCSOS,
Rk,Team,Conf,W-L,AdjEM,AdjO,,AdjD,,AdjT,,Luck,,AdjEM,,OppO,,OppD,,AdjEM,
121,Charleston,CAA,24-9,5.06,108.5,94,103.4,151,65.3,289,0.019,132,-3.41,235,105,121,108.4,333,0.17,166
122,San Diego St.,MWC,21-13,5.04,103.9,184,98.8,80,66.6,228,0.056,56,1.68,101,105.4,104,103.7,129,-0.88,196
123,Central Michigan,MAC,23-11,4.88,110.4,59,105.5,198,70.9,38,0.024,116,-0.31,155,103.4,191,103.7,130,-9.86,346
124,Harvard,Ivy,18-10,4.81,104,179,99.2,84,67.4,184,0.058,48,1.48,108,104.4,146,102.9,101,3.93,70
125,Radford,BSth,22-11,4.44,108.8,89,104.3,167,64.4,324,-0.007,200,-1,172,104.3,153,105.3,198,7.57,15
126,Texas St.,SB,24-9,4.36,102.1,214,97.8,64,65.1,302,0.034,94,-2.47,212,103.6,186,106,222,-5.43,318
127,Drake,MVC,24-9,4.32,107.1,118,102.8,143,69.1,97,0.094,11,-1.18,176,102.5,237,103.7,128,0.85,143
128,Wright St.,Horz,21-13,4.31,106,140,101.7,121,65,304,-0.031,256,-2.14,207,104.8,129,106.9,265,3.28,88
129,Penn,Ivy,19-12,4.29,104.3,175,100,97,66.8,217,0.02,131,0.42,132,103.4,194,103,103,0.87,141
130,Colgate,Pat,24-10,4.29,110.2,63,105.9,202,66.4,236,0.021,129,-4.19,254,101.9,273,106.1,224,1.22,129
131,Tulsa,Amer,18-14,4.24,104.8,164,100.5,106,68.7,113,0.04,79,3.08,88,105.6,94,102.5,90,-2.65,245
132,Loyola Chicago,MVC,20-13,4.15,104.3,174,100.2,100,62.4,348,-0.01,208,-1.85,197,102.1,267,104,146,-1.4,209
133,Georgia,SEC,11-21,4.13,105.9,146,101.8,123,68.3,133,-0.077,331,9.24,42,109.1,32,99.9,51,-1.6,215
134,Ball St.,MAC,16-17,4.07,102.4,208,98.3,74,70.2,58,-0.088,335,2.12,95,105.1,116,103,104,-0.33,179
135,Austin Peay,OVC,22-11,3.9,110.7,54,106.8,226,68.9,105,-0.009,205,-3.68,247,103.2,207,106.8,257,1.33,125
136,Northern Illinois,MAC,17-17,3.86,108.9,88,105.1,187,65.8,267,-0.071,324,1.88,98,104.7,130,102.8,98,-2.23,232
137,Montana,BSky,26-8,3.54,107.5,115,103.9,161,66.6,225,0.057,50,-6.59,299,102.1,265,108.7,342,4.43,57
138,Loyola Marymount,WCC,20-11,3.43,103.7,187,100.3,104,62.8,345,0.066,35,0.18,141,104.5,140,104.3,168,-5.06,309
139,Boise St.,MWC,13-20,3.23,107.2,117,104,162,65.4,284,-0.192,353,0.51,129,104.1,163,103.6,123,0.51,154
140,Louisiana Monroe,SB,18-15,3.11,112.5,39,109.3,267,66.3,238,-0.054,299,-1.88,202,103.3,201,105.1,194,-3.86,278
141,Louisiana Tech,CUSA,20-13,2.96,104.8,162,101.9,125,65.3,288,-0.046,289,-1.82,195,102.2,263,104,147,-3.87,279
142,Kent St.,MAC,22-10,2.82,109.7,70,106.9,227,67.4,187,0.14,2,1.37,113,104.4,149,103,106,-4.28,291
143,Rhode Island,A10,18-15,2.69,103.9,183,101.2,113,67.5,182,0.018,138,1.03,120,103.1,210,102.1,80,-1.74,220
144,Samford,SC,17-16,2.24,106.7,127,104.4,169,69.1,96,-0.076,330,-1.64,191,104.7,135,106.3,235,-6.09,328
145,Abilene Christian,Slnd,27-6,2.1,103.8,186,101.7,119,66.1,254,0.087,17,-9,343,99.7,327,108.7,343,-4.49,295
146,Brown,Ivy,19-11,1.9,98.9,277,97,53,70.9,40,0.011,150,-2.51,213,102.2,260,104.7,181,-5.29,315
147,Bucknell,Pat,21-12,1.88,105.6,150,103.7,154,70.6,47,0.052,64,-2.79,221,103.4,196,106.1,228,3.17,89
148,UT Arlington,SB,17-15,1.84,101.7,226,99.8,94,66,257,0.047,71,1.4,111,104.9,122,103.5,122,5.79,35
149,UAB,CUSA,20-14,1.81,106.5,136,104.7,173,65,307,-0.011,212,-1.86,198,101.8,277,103.6,125,-5.01,307
150,Miami OH,MAC,15-17,1.77,104.8,163,103,148,66.2,246,-0.025,244,3.59,79,105.7,92,102.1,79,-0.19,175
151,Southern Illinois,MVC,17-15,1.7,104.3,173,102.6,140,65.7,273,-0.01,209,-0.9,165,103,219,103.9,139,0.6,149
152,UTSA,CUSA,17-15,1.66,105.8,147,104.2,165,72,21,-0.017,229,0.88,124,103.1,211,102.2,85,4.28,59
153,Pepperdine,WCC,16-18,1.43,106.8,124,105.3,196,70.2,57,-0.057,307,0.12,142,104.3,155,104.1,154,-6.73,333
154,Vanderbilt,SEC,9-23,0.82,102.1,215,101.3,114,67.2,195,-0.109,344,9.69,38,109.2,30,99.5,42,-2.85,250
155,Eastern Michigan,MAC,15-17,0.74,103.5,191,102.7,142,62.8,344,-0.006,197,5.51,64,107.2,63,101.7,65,8.7,6
156,George Mason,A10,18-15,0.67,104.5,168,103.8,158,67.6,163,0.023,122,-1.19,177,102.2,256,103.4,118,-3.27,261
157,North Texas,CUSA,21-12,0.52,99.6,263,99.1,82,65.2,294,-0.007,201,-3.64,245,101.1,300,104.8,184,-9.22,343
158,Charleston Southern,BSth,17-15,0.04,101.4,236,101.3,116,69.2,89,-0.092,337,-3.6,243,103.3,202,106.9,261,4.7,51
159,Florida Atlantic,CUSA,17-15,-0.02,99.5,264,99.5,88,67.5,181,-0.039,275,-1.19,178,103,218,104.2,158,-1.04,199
160,Coastal Carolina,SB,15-16,-0.15,104.9,160,105,185,69.4,86,-0.073,327,-0.94,168,104.9,124,105.9,212,-0.72,186
,,,,,,,,,,,,,Strength of Schedule,,,,,,NCSOS,
Rk,Team,Conf,W-L,AdjEM,AdjO,,AdjD,,AdjT,,Luck,,AdjEM,,OppO,,OppD,,AdjEM,
161,UNLV,MWC,17-14,-0.16,106,145,106.1,209,67.4,185,0.014,145,-1.88,201,103.1,208,105,191,-3.27,262
162,Marshall,CUSA,19-14,-0.16,108,105,108.2,251,73.9,7,0.108,6,-0.01,146,102.9,224,102.9,99,1.94,111
163,Wake Forest,ACC,11-20,-0.2,104.7,165,104.9,184,67.5,183,0.04,83,8.97,46,108.6,45,99.6,43,-6.01,325
164,UT Rio Grande Valley,WAC,19-16,-0.33,99.4,266,99.7,93,70.2,59,0.021,128,-0.92,167,103.3,200,104.2,157,-0.74,187
165,Nebraska Omaha,Sum,21-11,-0.36,110,67,110.4,292,67.8,154,0.109,5,-3.45,237,103.8,174,107.2,286,2.63,98
166,Bradley,MVC,20-14,-0.36,101,246,101.4,117,65.1,300,0.04,80,-2.1,205,102.2,258,104.3,165,-3.79,276
167,Gardner Webb,BSth,23-11,-0.75,107.6,111,108.3,253,67.2,196,0.07,31,-4.52,265,102.5,241,107,267,-3.61,272
168,Stony Brook,AE,24-8,-0.75,99.2,272,100,99,69,104,0.075,28,-7.12,315,99.9,325,107.1,275,-3.05,257
169,Lehigh,Pat,20-11,-0.79,108.7,91,109.5,269,71.5,29,0.083,23,-4.04,251,102.2,255,106.3,232,-1.15,203
170,UC Santa Barbara,BW,22-10,-0.8,105.2,155,106,206,64.6,319,0.035,90,-6.95,311,101.4,283,108.4,332,-7.48,336
171,Duquesne,A10,19-13,-0.81,104.5,169,105.3,194,69.8,70,0.055,58,-2.44,211,101.8,275,104.3,163,-7.21,334
172,Sam Houston St.,Slnd,21-11,-0.87,106,144,106.9,228,66.1,256,0.026,109,-5.75,284,100.8,305,106.5,245,3.89,71
173,Missouri St.,MVC,16-16,-0.93,103,199,103.9,160,65.4,287,-0.021,235,-1.51,185,102.7,230,104.2,160,-1.67,217
174,North Florida,ASun,16-17,-0.99,103.8,185,104.8,183,71.9,25,0.015,143,1.66,102,103.7,178,102.1,78,10.66,4
175,Princeton,Ivy,16-12,-1.02,98.9,276,100,98,67.5,176,0.101,8,0.5,130,104.2,158,103.7,127,-0.85,194
176,Northern Iowa,MVC,16-18,-1.15,101.2,239,102.4,137,64.3,326,0.004,171,0.6,128,103.2,206,102.6,94,3.84,73
177,Louisiana,SB,19-13,-1.17,106.6,134,107.8,244,72,20,0.085,19,-1.08,174,104.5,143,105.6,209,-1.13,202
178,Winthrop,BSth,18-12,-1.21,106.5,135,107.7,241,72.6,16,0.016,140,-2.77,220,103.1,209,105.9,213,2.23,103
179,Colorado St.,MWC,12-20,-1.22,107.5,114,108.8,258,67,205,-0.111,348,0.23,137,104.7,131,104.5,175,-1.75,221
180,NJIT,ASun,21-12,-1.28,101.2,238,102.5,139,66.5,230,0.09,14,-3.55,240,101.7,278,105.2,196,-3.74,273
181,Seattle,WAC,18-14,-1.41,100.9,248,102.3,133,67.2,192,-0.028,253,-4.57,266,102.3,250,106.8,258,-8.92,342
182,Ohio,MAC,14-17,-1.54,98.7,280,100.3,103,69.2,93,0.062,38,3.7,75,106.8,70,103.1,110,0.52,152
183,New Mexico,MWC,14-18,-1.6,104,180,105.6,200,72.7,15,-0.028,252,0.76,126,104.4,150,103.6,124,-0.03,170
184,Saint Joseph's,A10,14-19,-1.73,105.3,152,107,230,68.5,123,-0.012,219,0.92,123,103.2,203,102.3,87,0.73,146
185,Santa Clara,WCC,16-15,-1.84,101.9,222,103.8,156,66.2,248,0.059,47,-0.42,159,104.3,151,104.8,185,-9.32,344
186,Campbell,BSth,20-12,-1.89,108,107,109.9,279,65.3,290,0.02,130,-4.67,270,103.1,213,107.7,313,-1.8,223
187,Presbyterian,BSth,18-15,-1.96,109.2,82,111.1,306,67.7,158,-0.065,317,-4.71,271,102.5,240,107.2,280,-0.87,195
188,Oakland,Horz,16-17,-2.14,107.4,116,109.5,270,68.6,117,-0.002,185,-2.14,206,104.7,132,106.8,259,2.14,107
189,Hartford,AE,18-15,-2.24,108.4,95,110.7,298,66.6,227,-0.008,202,-5.08,278,101.3,294,106.4,237,1.08,134
190,Purdue Fort Wayne,Sum,18-15,-2.28,106.6,133,108.9,260,71.6,26,-0.002,189,-3.49,238,104,167,107.5,297,0.26,162
191,Northern Colorado,BSky,21-11,-2.43,102.3,212,104.7,177,66.4,237,0.05,66,-7.81,330,101.4,288,109.2,351,-1.31,207
192,Cal Baptist,WAC,16-14,-2.5,106.8,123,109.3,266,67.9,150,-0.054,300,-2.93,222,102.6,233,105.5,205,-5.53,320
193,Hampton,BSth,15-16,-2.56,107.6,112,110.1,286,70.9,37,-0.109,345,-4.29,257,102.8,229,107.1,274,-1.73,219
194,IUPUI,Horz,16-16,-2.58,104,182,106.5,220,68.5,120,-0.057,308,-3.59,241,103.4,192,107,266,-3.59,271
195,Mercer,SC,11-20,-2.6,103.7,188,106.3,214,66.7,221,-0.113,349,1.87,99,106.2,77,104.3,167,1.56,118
196,Hawaii,BW,18-13,-3.03,103.6,189,106.6,223,66.3,243,-0.005,195,-5.87,287,100.9,303,106.7,253,-5.02,308
197,Iona,MAAC,17-15,-3.09,106.6,130,109.7,276,70.6,45,-0.025,245,-6.62,300,100.1,323,106.7,250,0.9,140
198,American,Pat,15-15,-3.13,101.9,223,105,186,66.5,233,-0.119,351,-7.34,322,100.5,313,107.9,314,-10.49,349
199,North Dakota St.,Sum,18-15,-3.2,106.7,128,109.9,278,64.9,312,0.052,63,-3.05,225,104.7,134,107.7,312,3.75,76
200,Illinois Chicago,Horz,16-16,-3.22,100.5,252,103.7,155,69.9,65,-0.002,186,-2.37,210,104.5,141,106.9,264,0.71,147
,,,,,,,,,,,,,Strength of Schedule,,,,,,NCSOS,
Rk,Team,Conf,W-L,AdjEM,AdjO,,AdjD,,AdjT,,Luck,,AdjEM,,OppO,,OppD,,AdjEM,
201,Richmond,A10,13-20,-3.24,106.9,121,110.1,285,65.9,266,-0.088,336,-2.64,216,101.3,293,103.9,143,-7.86,339
202,FIU,CUSA,19-13,-3.25,102,218,105.2,190,77.5,1,0.104,7,-1.22,180,101.8,274,103.1,107,-2.22,231
203,Cal St. Fullerton,BW,16-17,-3.43,99,275,102.4,138,69.8,73,0.01,152,-1,173,103.6,184,104.6,178,7.29,17
204,Illinois St.,MVC,17-16,-3.51,101.2,240,104.7,174,66.7,223,0.084,21,-0.33,156,103.1,216,103.4,117,1.24,128
205,Appalachian St.,SB,11-21,-3.6,106,141,109.6,273,71.5,27,-0.083,333,1.25,115,105.3,113,104,149,5.2,42
206,Green Bay,Horz,17-16,-3.65,102.9,202,106.6,221,73.6,12,0.084,22,-0.4,158,105.4,103,105.8,211,7.55,16
207,Indiana St.,MVC,15-16,-4.14,101.1,242,105.3,191,68.8,106,0.026,111,0.09,143,102.6,232,102.5,93,2.93,95
208,Fairleigh Dickinson,NEC,20-13,-4.25,106.3,137,110.5,295,66.8,214,0.01,153,-8.74,340,98.8,340,107.5,299,-1.5,212
209,Prairie View A&M,SWAC,22-12,-4.3,101.7,227,106,205,71,34,0.074,29,-8.23,338,98.2,345,106.5,240,6.57,26
210,Washington St.,P12,11-21,-4.32,106,142,110.3,291,70.5,49,-0.059,310,1.44,109,105.1,118,103.6,126,-10.23,348
211,Pacific,WCC,14-18,-4.47,99.9,259,104.4,168,65,306,0.045,74,1.78,100,106,82,104.2,162,-3.35,266
212,Columbia,Ivy,10-18,-4.49,102,217,106.5,219,67.5,178,-0.06,311,-0.91,166,103,221,103.9,138,-3.35,265
213,Texas Southern,SWAC,21-13,-4.5,104.1,178,108.6,255,74.6,4,0.056,52,-8.22,337,98.3,344,106.5,244,12.37,2
214,South Alabama,SB,17-17,-4.51,103.1,196,107.6,239,66.3,242,0.012,148,-3.35,233,102.8,226,106.1,225,-7.9,340
215,Rider,MAAC,16-15,-4.51,101.4,237,105.9,203,73.8,8,-0.032,262,-6.86,307,100.5,314,107.3,290,-0.05,171
216,Lamar,Slnd,20-13,-4.53,103.2,195,107.7,242,68.2,140,0.009,155,-7.27,320,100.6,311,107.9,316,2.04,109
217,Cornell,Ivy,15-15,-4.63,99.3,270,103.9,159,67.6,166,0.084,20,0,145,103.9,170,103.9,141,-1.16,204
218,Dartmouth,Ivy,11-19,-4.65,103.6,190,108.2,252,65.8,271,-0.109,346,-1.68,192,102.4,242,104.1,153,-5.09,310
219,William & Mary,CAA,14-17,-4.65,103.4,192,108.1,247,68.6,118,0.029,106,-1.86,200,105.8,86,107.7,311,3.12,92
220,Florida Gulf Coast,ASun,14-18,-4.69,101.4,234,106.1,210,67.9,148,-0.003,190,-0.79,164,103.4,195,104.1,156,4.11,63
221,Valparaiso,MVC,15-18,-4.92,98,288,103,147,65.1,297,0.003,176,-1.73,193,102.1,269,103.8,135,-3.26,260
222,Little Rock,SB,10-21,-4.93,99.8,260,104.8,181,70.4,54,-0.149,352,-1.59,189,104.3,152,105.9,214,-2.29,233
223,Long Beach St.,BW,15-19,-4.99,101.2,241,106.1,211,71.5,30,0.051,65,-0.39,157,104.3,154,104.7,180,5.85,30
224,Weber St.,BSky,18-15,-5.05,101.4,235,106.5,218,71,33,-0.022,237,-6.88,309,102,272,108.9,345,0.92,137
225,Cal St. Bakersfield,WAC,16-15,-5.15,102.6,206,107.7,243,65.4,286,0.055,57,-1.55,188,103.8,173,105.4,200,-2.44,239
226,La Salle,A10,10-21,-5.16,99.9,256,105.1,188,68.8,109,-0.04,278,0.3,135,103.7,176,103.4,120,0.91,138
227,Evansville,MVC,11-21,-5.37,99.4,265,104.8,182,69.4,85,-0.061,313,-0.11,148,103.1,215,103.2,112,1.8,114
228,High Point,BSth,16-15,-5.52,99.3,271,104.8,180,63.6,334,0.019,133,-4.04,252,103.5,189,107.5,302,-2.37,237
229,South Dakota,Sum,13-17,-5.7,100.5,253,106.2,212,66.8,213,-0.048,292,-3.64,244,103.9,171,107.5,303,-0.22,176
230,UMBC,AE,21-13,-5.75,96,313,101.8,122,64.9,309,0.078,26,-6.82,305,100.2,318,107,271,-4.19,288
231,Southeastern Louisiana,Slnd,17-16,-5.89,99.4,268,105.3,193,65.2,295,0.009,154,-6.75,303,100.6,312,107.4,291,2.14,106
232,Boston University,Pat,15-18,-5.93,104.2,176,110.2,287,66.2,249,-0.025,243,-4.5,264,102.5,238,107,268,-4,285
233,Quinnipiac,MAAC,16-14,-5.98,104.5,170,110.5,294,66.8,219,-0.024,242,-9.41,344,98.8,338,108.2,328,-7.61,337
234,UMKC,WAC,11-21,-6.13,101,244,107.2,233,66.2,244,-0.052,298,0.45,131,105.4,105,104.9,188,1.51,121
235,Massachusetts,A10,11-21,-6.15,102.9,203,109.1,263,67.2,193,-0.061,312,-1.45,181,102.8,228,104.2,159,-4.59,298
236,Detroit,Horz,11-20,-6.48,106.2,138,112.7,322,68.5,122,-0.011,215,0.2,138,105.1,119,104.9,186,5.84,33
237,Eastern Kentucky,OVC,13-18,-6.56,99.4,269,105.9,204,76.5,2,0.012,149,-1.77,194,103.8,175,105.5,206,0.94,136
238,Eastern Washington,BSky,16-18,-6.57,101,245,107.6,240,67.7,159,0.026,112,-4.65,269,102.9,225,107.5,301,7.11,18
239,Sacred Heart,NEC,15-17,-6.71,104.1,177,110.9,299,71.9,24,-0.062,315,-7.7,327,100.4,315,108.1,325,-1.18,205
240,Holy Cross,Pat,16-17,-6.79,101.1,243,107.9,245,63.5,335,0.067,33,-3.43,236,103.2,205,106.6,247,-1.85,224
,,,,,,,,,,,,,Strength of Schedule,,,,,,NCSOS,
Rk,Team,Conf,W-L,AdjEM,AdjO,,AdjD,,AdjT,,Luck,,AdjEM,,OppO,,OppD,,AdjEM,
241,Air Force,MWC,14-18,-6.84,100.6,250,107.4,238,66.5,234,0.03,101,-1.12,175,103,220,104.1,151,-3.85,277
242,Army,Pat,13-19,-6.86,96.2,311,103.1,149,69.7,76,-0.028,251,-4.4,262,103.3,198,107.7,310,-4.46,293
243,Middle Tennessee,CUSA,11-21,-7.21,98.2,284,105.4,197,67.6,172,0.013,147,2.03,96,104,168,102,75,10.29,5
244,California,P12,8-23,-7.22,103,197,110.3,288,66.5,231,0.037,86,4.68,69,106.6,73,101.9,73,0.21,164
245,Drexel,CAA,13-19,-7.37,105.6,149,113,327,69,100,0.004,173,-2.64,215,104.6,139,107.2,283,-1.2,206
246,Troy,SB,12-18,-7.41,102.9,204,110.3,289,66.9,207,0.053,61,-0.19,152,104.4,145,104.6,176,1.52,120
247,Rice,CUSA,13-19,-7.46,103,200,110.4,293,70.1,62,0,183,-1.86,199,101.4,285,103.3,114,0.67,148
248,UC Davis,BW,11-20,-7.48,96.3,308,103.8,157,65.8,269,-0.043,284,-1.47,184,103.2,204,104.7,182,5.08,45
249,The Citadel,SC,12-18,-7.59,106.7,126,114.3,336,73.6,11,0.028,107,1.6,106,105.5,95,103.9,142,0.31,161
250,Jacksonville,ASun,12-20,-7.61,98.8,278,106.4,215,70.9,39,-0.056,306,-3.35,232,102.4,246,105.7,210,-3.9,281
251,Western Michigan,MAC,8-24,-7.64,99.1,273,106.8,225,69.1,94,-0.039,276,2.94,91,106.2,76,103.3,116,-3.05,256
252,Montana St.,BSky,15-17,-7.64,107.6,113,115.2,344,69.9,67,0.008,157,-6.29,294,102.1,264,108.4,335,3.95,69
253,New Orleans,Slnd,19-13,-7.67,97.1,298,104.8,179,68.2,137,0.093,13,-6.63,301,100.8,304,107.5,294,6.71,23
254,Arkansas St.,SB,13-19,-7.68,102.4,209,110,284,68.2,139,0.086,18,-0.24,153,104.8,128,105,193,1.01,135
255,Morehead St.,OVC,13-20,-7.72,102.3,211,110,283,67.1,200,0.06,45,-0.29,154,104.6,137,104.9,187,5.13,44
256,Fordham,A10,12-20,-7.84,96.6,304,104.4,170,65.1,303,-0.075,329,-4.31,259,101.1,298,105.4,202,-11.57,351
257,Chattanooga,SC,12-20,-7.86,101.6,230,109.4,268,66.1,255,0.025,113,1.09,119,105.5,99,104.4,172,-1.78,222
258,UMass Lowell,AE,15-17,-7.86,104.4,172,112.3,316,69.8,71,-0.026,246,-6.25,293,100.1,324,106.3,236,-4.08,287
259,Cal St. Northridge,BW,13-20,-7.98,104.6,167,112.5,320,70.5,50,-0.013,221,-4.77,274,101.4,287,106.1,226,-3.9,282
260,Delaware,CAA,17-16,-8.07,104.8,161,112.9,325,63.2,340,0.08,25,-4.34,260,103.7,181,108,322,-5.96,324
261,St. Francis PA,NEC,18-14,-8.12,105.3,153,113.4,330,68.1,142,0.088,16,-7.76,328,100.7,308,108.5,336,6.88,22
262,LIU Brooklyn,NEC,16-16,-8.19,98.2,285,106.4,216,70.8,44,-0.013,222,-8.64,339,99.7,328,108.3,330,-5.63,322
263,Youngstown St.,Horz,12-20,-8.32,104,181,112.3,317,67,206,-0.004,193,-1.83,196,103.7,177,105.6,207,0.81,144
264,Norfolk St.,MEAC,21-13,-8.4,97.6,292,106,208,69.2,92,0.05,67,-11,351,97.2,351,108.2,326,1.63,116
265,Siena,MAAC,17-16,-8.4,100.6,249,109,262,60.5,352,0.06,46,-7.15,317,100.4,316,107.5,300,-1.66,216
266,Loyola MD,Pat,11-21,-8.72,101.6,232,110.3,290,68.4,124,-0.028,250,-3.38,234,103.7,182,107,272,-1.37,208
267,Robert Morris,NEC,17-16,-8.77,94.9,323,103.7,153,66,259,0.035,91,-7.85,333,101.1,301,109,347,-1.1,201
268,North Dakota,Sum,12-18,-8.77,97.4,295,106.2,213,69.6,78,-0.046,288,-2.98,223,104.9,123,107.9,317,2.2,104
269,East Carolina,Amer,10-21,-8.99,98,289,107,231,68,145,-0.006,198,0.3,134,103.3,199,103,105,-11.8,352
270,UNC Wilmington,CAA,10-23,-9.04,105.4,151,114.4,338,69.2,90,-0.034,266,-1.63,190,105.5,98,107.1,276,2.17,105
271,Western Carolina,SC,7-25,-9.22,101.8,224,111,302,69.4,83,-0.051,296,2.81,92,106.9,68,104.1,150,5.08,46
272,Grambling St.,SWAC,17-16,-9.42,94.8,324,104.2,166,69.7,74,-0.029,254,-10.19,348,97.8,348,108,319,4.16,61
273,St. Francis NY,NEC,17-15,-9.5,95.8,316,105.3,195,68.3,132,0.052,62,-8.16,335,100.6,310,108.8,344,-3.48,268
274,Marist,MAAC,12-19,-9.51,100.1,255,109.7,274,64.4,323,-0.054,303,-7.12,314,100.2,320,107.3,288,-2.58,241
275,Sacramento St.,BSky,15-16,-9.55,96.3,310,105.9,201,68,143,-0.011,211,-7.5,324,101.7,280,109.2,350,-2.1,229
276,Houston Baptist,Slnd,12-18,-9.6,103,201,112.6,321,73.8,10,-0.038,272,-5.23,281,101.3,295,106.5,242,7.05,19
277,Albany,AE,12-20,-9.86,98.3,282,108.2,249,65.8,268,-0.066,319,-6.72,302,100.2,321,106.9,263,-5.13,311
278,James Madison,CAA,14-19,-9.87,101,247,110.9,300,65.1,301,0.056,53,-3.65,246,104.9,125,108.5,337,-3.59,270
279,Canisius,MAAC,15-17,-9.87,101.6,231,111.5,309,67.6,167,0.115,4,-5.21,280,100.8,306,106,218,4,67
280,Texas A&M Corpus Chris,Slnd,14-18,-9.9,94.6,327,104.5,172,64.8,315,-0.011,213,-5.51,283,101.3,289,106.8,260,4.2,60
,,,,,,,,,,,,,Strength of Schedule,,,,,,NCSOS,
Rk,Team,Conf,W-L,AdjEM,AdjO,,AdjD,,AdjT,,Luck,,AdjEM,,OppO,,OppD,,AdjEM,
281,Navy,Pat,12-19,-9.9,97.2,297,107.1,232,66.9,212,0.061,39,-2.68,217,103.3,197,106,219,-0.82,191
282,Southern Utah,BSky,16-16,-9.9,96.6,305,106.5,217,71,35,0.048,68,-6.82,306,102.3,248,109.2,349,1.41,123
283,VMI,SC,11-21,-10.04,102.3,210,112.4,318,71.5,28,0.018,136,1.63,104,106.1,81,104.4,173,-0.85,193
284,Cleveland St.,Horz,10-21,-10.07,101.6,228,111.7,310,69,101,-0.041,280,-1.98,203,104.8,127,106.8,255,0.87,142
285,North Alabama,ASun,10-22,-10.18,95.1,321,105.3,192,68.4,131,0.006,166,1.32,114,104.6,138,103.3,115,7.59,14
286,Longwood,BSth,15-17,-10.2,96.4,307,106.6,222,67,203,-0.002,187,-6.34,297,102.2,262,108.5,338,-9.58,345
287,Portland St.,BSky,16-16,-10.38,101.6,229,112,314,69,103,0.046,72,-7.32,321,101.3,292,108.6,340,-1.52,213
288,Towson,CAA,10-22,-10.48,100.2,254,110.7,297,63.4,336,-0.049,294,-4.14,253,103.9,172,108,323,-4.01,286
289,Tennessee Martin,OVC,12-19,-10.63,104.7,166,115.3,346,68.4,130,0.009,156,-3.23,231,103,217,106.3,233,-0.47,182
290,George Washington,A10,9-24,-10.67,95.3,319,106,207,67.1,199,-0.009,206,-0.16,150,103,222,103.1,111,-1.9,227
291,Oral Roberts,Sum,11-21,-10.73,103.4,193,114.2,335,66.8,218,0.013,146,-1.19,179,105.4,100,106.6,248,4.01,66
292,Tulane,Amer,4-27,-10.77,96.6,303,107.4,237,69.7,75,-0.042,282,3.26,86,105.7,91,102.4,88,-3.77,275
293,Monmouth,MAAC,14-21,-10.89,93.1,334,104,164,67.4,186,0.047,69,-4.74,272,102.5,239,107.2,284,3.63,79
294,Western Illinois,Sum,10-21,-10.97,97.4,296,108.4,254,67.2,190,-0.106,343,-4.49,263,104.4,148,108.9,346,-5.32,317
295,Tennessee St.,OVC,9-21,-11.08,98.5,281,109.6,271,69.4,87,-0.062,314,-2.03,204,103,223,105,190,4.51,55
296,Central Arkansas,Slnd,14-19,-11.16,99.9,258,111,303,70.4,52,0.019,135,-4.27,255,101.1,297,105.4,201,8.38,8
297,Charlotte,CUSA,8-21,-11.17,95.5,317,106.7,224,64.4,322,-0.005,196,-1.51,186,102.2,253,103.8,133,-0.08,173
298,UTEP,CUSA,8-21,-11.22,90,342,101.2,112,67.9,149,-0.086,334,-2.21,208,102.2,259,104.4,171,-1.55,214
299,Lafayette,Pat,10-20,-11.27,101.5,233,112.8,324,68.8,110,0.004,172,-4.35,261,102.3,247,106.7,251,-3.5,269
300,Milwaukee,Horz,9-22,-11.37,98.3,283,109.6,272,66,261,0.016,142,-2.72,219,103.6,183,106.4,238,-1.7,218
301,Fairfield,MAAC,9-22,-11.5,95.9,315,107.4,236,67.7,155,-0.094,339,-7.85,332,99.4,334,107.2,285,-2.85,249
302,North Carolina A&T,MEAC,19-13,-11.58,96.5,306,108,246,65.6,279,0.099,9,-10.73,349,97.8,347,108.5,339,3.63,80
303,North Carolina Central,MEAC,18-15,-11.91,96.8,301,108.7,256,65.3,292,0.004,170,-12.16,352,96.5,353,108.7,341,1.42,122
304,Northern Arizona,BSky,10-21,-11.92,100.5,251,112.4,319,68.4,126,-0.036,269,-6.18,292,102.2,261,108.4,331,0.34,158
305,Elon,CAA,11-21,-12.11,99,274,111.1,305,67.9,147,-0.002,188,-3.76,249,104.5,144,108.2,327,-3.34,264
306,Bethune Cookman,MEAC,14-17,-12.12,93.4,332,105.5,199,72.1,19,-0.03,255,-10.9,350,98.5,342,109.4,352,-1.46,211
307,Eastern Illinois,OVC,14-18,-12.24,99.6,262,111.9,312,66.8,215,0.094,12,-4.9,276,102.7,231,107.6,305,-3.89,280
308,Howard,MEAC,17-16,-12.38,101.9,221,114.3,337,71.1,32,0.025,114,-9.89,346,97.3,350,107.1,278,-0.12,174
309,Southeast Missouri St.,OVC,10-21,-12.48,97.5,294,110,280,67.5,174,-0.033,265,-3.59,242,103.1,212,106.7,249,-2.64,244
310,Nicholls St.,Slnd,14-17,-12.64,98.8,279,111.4,307,68.4,128,-0.005,194,-6.95,312,101.1,299,108.1,324,3.58,81
311,Stephen F. Austin,Slnd,14-16,-12.74,95.4,318,108.2,250,68.7,114,0.036,89,-6.17,291,101.7,279,107.9,315,3.97,68
312,Denver,Sum,8-22,-13.12,99.8,261,113,326,67.1,202,-0.062,316,-3.19,229,103.6,187,106.7,254,-0.76,188
313,Wagner,NEC,13-17,-13.44,93.9,330,107.3,234,63.7,331,0.043,76,-6.87,308,101.4,286,108.3,329,-0.07,172
314,Niagara,MAAC,13-19,-13.56,101.7,225,115.3,345,69.6,80,0.031,97,-8.78,342,98.4,343,107.1,277,-7.65,338
315,Wyoming,MWC,8-24,-13.65,95.1,320,108.7,257,68.3,134,0.003,177,-0.98,171,104,165,105,192,-3.91,283
316,Arkansas Pine Bluff,SWAC,13-19,-13.65,96.2,312,109.8,277,65.1,299,0.023,123,-7.08,313,98.9,337,106,215,6.12,28
317,Saint Peter's,MAAC,10-22,-13.66,94.5,328,108.1,248,63.1,341,-0.013,224,-7.24,319,100.8,307,108,320,-2.33,235
318,Florida A&M,MEAC,12-19,-14.27,89.1,347,103.3,150,64.8,314,-0.007,199,-7.22,318,99.8,326,107,270,4.96,47
319,Jackson St.,SWAC,13-19,-14.84,89.9,343,104.7,178,65,305,0.007,163,-8.77,341,98.8,339,107.6,306,5.43,38
320,Central Connecticut,NEC,11-20,-14.88,97.1,299,112,313,69,99,0.006,165,-5.97,288,101.3,291,107.3,289,3.07,94
,,,,,,,,,,,,,Strength of Schedule,,,,,,NCSOS,
Rk,Team,Conf,W-L,AdjEM,AdjO,,AdjD,,AdjT,,Luck,,AdjEM,,OppO,,OppD,,AdjEM,
321,UC Riverside,BW,10-23,-14.95,98.2,286,113.1,329,63.2,339,-0.023,240,-3.12,226,102.3,249,105.4,199,-1.86,225
322,Tennessee Tech,OVC,8-23,-15.18,89.5,344,104.7,176,68.2,138,-0.042,283,-3.18,228,104.3,156,107.4,293,1.33,126
323,Manhattan,MAAC,11-21,-15.23,89.5,346,104.7,175,61.7,351,0.021,127,-7.84,331,100.1,322,107.9,318,-4.22,290
324,Mount St. Mary's,NEC,9-22,-15.24,94.7,326,110,281,67.1,201,-0.012,217,-5.24,282,102.2,252,107.5,295,5.28,41
325,Bryant,NEC,10-20,-15.62,99.4,267,115,343,67.5,173,0.026,110,-7.45,323,100.2,319,107.6,307,-2.43,238
326,Portland,WCC,7-25,-15.62,94.4,329,110,282,66.7,220,-0.011,214,0.18,140,103.6,185,103.4,119,-7.47,335
327,Stetson,ASun,7-24,-15.83,97.7,291,113.5,331,68.8,111,-0.054,302,-2.99,224,101.5,282,104.4,174,-2.96,255
328,Idaho St.,BSky,11-19,-16.29,101.9,219,118.2,350,66.8,216,0.067,34,-5.1,279,102.5,234,107.6,308,7.79,12
329,Alabama St.,SWAC,12-19,-16.36,94.7,325,111.1,304,67.1,198,0.024,120,-6.94,310,99.5,331,106.5,241,12.57,1
330,SIU Edwardsville,OVC,10-21,-16.49,96.6,302,113.1,328,69.6,79,0.033,95,-5,277,102.5,236,107.5,296,-5.23,312
331,McNeese St.,Slnd,9-22,-16.54,98.1,287,114.7,340,66.2,247,-0.047,290,-5.81,286,101.2,296,107,273,5.15,43
332,Binghamton,AE,10-23,-16.75,96,314,112.7,323,65.8,270,0.003,180,-4.58,267,100.7,309,105.3,197,-2.86,252
333,Cal Poly,BW,6-23,-17.77,96.9,300,114.7,341,66.1,253,-0.068,320,-3.72,248,101.8,276,105.5,203,-2.34,236
334,Morgan St.,MEAC,9-21,-18.04,92.6,337,110.6,296,72,22,-0.074,328,-12.87,353,97.1,352,110,353,-0.29,177
335,Southern,SWAC,7-25,-18.41,93.8,331,112.2,315,65.6,280,-0.082,332,-7.15,316,99.5,333,106.6,246,7.64,13
336,USC Upstate,BSth,6-26,-18.55,92.9,335,111.5,308,68,146,-0.049,293,-3.12,227,103.4,193,106.5,243,-1.01,197
337,Maine,AE,5-27,-18.65,93.2,333,111.8,311,64,330,-0.058,309,-2.71,218,102,271,104.7,183,1.7,115
338,South Carolina St.,MEAC,8-26,-18.84,98,290,116.8,348,66.9,211,-0.037,270,-7.81,329,99,335,106.8,256,6.6,25
339,Kennesaw St.,ASun,6-26,-19.16,91.8,339,111,301,68.2,141,0.04,82,0.95,122,104,166,103.1,109,4.13,62
340,Northwestern St.,Slnd,11-20,-19.7,90,341,109.7,275,68.5,121,0.069,32,-6.32,295,100.9,302,107.2,281,3.82,75
341,Savannah St.,MEAC,11-20,-19.77,96.3,309,116.1,347,74.8,3,0.061,41,-10.1,347,97.5,349,107.6,304,4.72,50
342,Coppin St.,MEAC,8-25,-20.55,88.6,349,109.2,264,70.1,61,0.01,151,-7.7,326,99.5,332,107.2,282,8.2,10
343,San Jose St.,MWC,4-27,-21.85,91.9,338,113.7,333,69.2,91,-0.021,234,-0.95,169,103.7,179,104.7,179,-4.77,303
344,Alabama A&M,SWAC,5-27,-22.65,86.6,350,109.3,265,65.6,282,-0.044,286,-8.18,336,99,336,107.2,279,0.45,155
345,Incarnate Word,Slnd,6-25,-22.85,97.5,293,120.4,353,64.9,310,-0.066,318,-4.88,275,101.3,290,106.2,230,4.57,53
346,New Hampshire,AE,5-24,-23.05,84.3,353,107.3,235,65.5,283,-0.015,228,-6.02,290,101.5,281,107.5,298,-4.54,296
347,Idaho,BSky,5-27,-23.89,94.9,322,118.8,352,65.3,293,-0.036,268,-6.8,304,102.2,257,109,348,-3.29,263
348,UNC Asheville,BSth,4-27,-24.13,92.9,336,117,349,61.8,350,-0.032,259,-0.98,170,105,120,106,216,4.59,52
349,Alcorn St.,SWAC,10-21,-24.64,88.9,348,113.5,332,65.7,277,0.031,98,-8.02,334,98.7,341,106.7,252,8.36,9
350,Mississippi Valley St.,SWAC,6-26,-25.09,89.5,345,114.6,339,69.1,95,-0.018,231,-6.39,298,99.6,329,106,217,6.97,21
351,Chicago St.,WAC,3-29,-27.89,90.4,340,118.3,351,70,63,-0.012,218,3.45,81,105.6,93,102.1,82,5.94,29
352,Delaware St.,MEAC,6-25,-29.66,84.3,352,114,334,69.6,77,0.008,158,-9.79,345,97.9,346,107.7,309,0.91,139
353,Maryland Eastern Shore,MEAC,7-25,-29.7,85.2,351,114.9,342,63,343,0.024,118,-7.68,325,99.6,330,107.3,287,5.84,32